date,close,high,low,open,volume,ticker
2025-01-02,242.3019256591797,247.51859606258614,240.28481431614935,247.34966196417784,55740700,AAPL
2025-01-03,241.8150177001953,242.6298040057451,240.3543488544026,241.8150177001953,40244100,AAPL
2025-01-06,243.4446258544922,245.7598357483754,241.6560500607284,242.75900387005615,45045600,AAPL
2025-01-07,240.67234802246094,243.9911405526811,239.81780708502322,241.4374487975533,40856000,AAPL
2025-01-08,241.15921020507812,242.16280789951685,238.52603985831155,240.3841632667122,37628900,AAPL
2025-01-10,235.3463592529297,238.63534322792128,231.52079498772144,238.48628640867517,61710900,AAPL
2025-01-13,232.9119110107422,233.18020116738663,228.26162915914,232.04743903723335,49630700,AAPL
2025-01-14,231.79901123046875,234.62097773623856,230.9941559742804,233.2596800887061,39435300,AAPL
2025-01-15,236.35989379882812,237.4429855317883,232.94172997653553,233.1504034772107,39832000,AAPL
2025-01-16,226.81088256835938,236.49898454969573,226.58234697208553,235.84318609247865,71759100,AAPL
2025-01-17,228.51995849609375,230.81529094249188,227.0294813062853,230.64637201374376,68488300,AAPL
2025-01-21,221.22657775878906,222.99527628303537,217.9872792040061,222.57794445660952,98070400,AAPL
2025-01-22,222.4090118408203,222.6971640978084,218.39465138442915,218.39465138442915,64126500,AAPL
2025-01-23,222.24009704589844,225.58869773276695,220.88873040600683,223.3132424800993,60234800,AAPL
2025-01-24,221.3656768798828,224.19758968028435,220.00437919561992,223.35297985225768,54697900,AAPL
2025-01-27,228.40072631835938,230.67618150163648,222.5580508531902,222.5978054024586,94863400,AAPL
2025-01-28,236.7473907470703,238.66514594376807,229.3446904229109,229.38444497187513,75707600,AAPL
2025-01-29,237.8404083251953,238.33723404319062,232.52436707787834,232.63366934231402,45486100,AAPL
2025-01-30,236.08168029785156,239.26136238940995,235.70410299948912,237.15482584661257,55658300,AAPL
2025-01-31,234.5017547607422,245.62071750771995,231.95800933839706,245.62071750771995,100959800,AAPL
2025-02-03,226.56248474121094,230.35824094469035,224.2671520837408,228.52992572925916,73063300,AAPL
2025-02-04,231.3220672607422,231.64997406812495,225.21110156992967,225.80729852188347,45067300,AAPL
2025-02-05,230.99417114257812,231.19289841511937,226.82083777153602,227.0791817096477,39620300,AAPL
2025-02-06,231.7394256591797,232.31574540236795,228.96712922491054,229.8216702010973,29925300,AAPL
2025-02-07,226.18490600585938,232.5144614947352,225.81724462416,231.12335539671392,39707200,AAPL
2025-02-10,226.45346069335938,229.378010419489,226.00582893863492,228.36338248973718,33115600,AAPL
2025-02-11,231.3973388671875,233.99362125199642,226.93094812871882,227.000572314181,53718400,AAPL
2025-02-12,235.625,235.71453849328682,229.4675323792709,229.98480349517558,45243300,AAPL
2025-02-13,240.26052856445312,241.06626881430705,234.33186254170715,235.66481592241834,53614100,AAPL
2025-02-14,243.31439208984375,244.25939586817944,239.72336558929686,239.981993568851,40896200,AAPL
2025-02-18,243.18507385253906,243.8913336127375,240.56889220053384,242.86674847770814,48822500,AAPL
2025-02-19,243.58297729492188,244.71698493563778,241.88197342314302,243.37408953874765,32204200,AAPL
2025-02-20,244.5379180908203,245.4829218502696,243.00600383864503,243.65259654249155,32316900,AAPL
2025-02-21,244.2593994140625,247.38289505871285,243.93113206298463,244.65729095432025,53197400,AAPL
2025-02-24,245.80125427246094,247.55199828948733,243.1353323966777,243.64264638435856,51326400,AAPL
2025-02-25,245.74154663085938,248.68599549611233,243.62275227067275,246.69650753214344,48013300,AAPL
2025-02-26,239.0966796875,243.69239232640413,237.87314875998453,243.04581476744292,44433600,AAPL
2025-02-27,236.05274963378906,241.1856322165831,235.81400561415145,238.15166004001364,41153600,AAPL
2025-02-28,240.5688934326172,240.8175794410065,228.9900734891547,235.70459571566596,56833400,AAPL
2025-03-03,236.77891540527344,242.74737946323825,234.8690087281554,240.51914741730602,47184000,AAPL
2025-03-04,234.68995666503906,238.80821160759587,233.4465266012979,236.46061504010896,53798100,AAPL
2025-03-05,234.50094604492188,235.30668622205877,228.02515316620742,234.18262069274581,47227600,AAPL
2025-03-06,234.09310913085938,236.60981025581015,231.93451645578955,233.20778757123546,45170400,AAPL
2025-03-07,237.81346130371094,240.10136041796665,233.5261018066448,233.87426828677374,46273600,AAPL
2025-03-10,226.2843780517578,234.9187645202326,223.04151782981955,234.30201287196223,72071200,AAPL
2025-03-11,219.67926025390625,224.65298022983382,216.30707871737093,222.63365113389432,76137400,AAPL
2025-03-12,215.8395538330078,220.58448707211764,213.7804415985268,218.98294858814833,62547500,AAPL
2025-03-13,208.57791137695312,215.70028194858565,207.3245394208188,214.81496040955514,61368300,AAPL
2025-03-14,212.36790466308594,212.8254784087618,208.4784519318959,210.13967261110687,60107600,AAPL
2025-03-17,212.87521362304688,214.0888025037831,208.8663965620962,212.18883784213668,48073400,AAPL
2025-03-18,211.5720977783203,214.01915944879542,210.37840804794794,213.03437263106773,42432400,AAPL
2025-03-19,214.10870361328125,217.6101915579757,212.6265295918345,213.0940604852241,54385400,AAPL
2025-03-20,212.97470092773438,216.3468825511506,211.10457731145533,212.86527847830126,48862900,AAPL
2025-03-21,217.12278747558594,217.68978368973626,210.16952111998106,210.44804823896536,94127800,AAPL
2025-03-24,219.56985473632812,220.31591279023903,217.43116105321957,219.83843988574125,44299500,AAPL
2025-03-25,222.573974609375,222.92214108802088,218.92326587520165,219.6096416779903,34493600,AAPL
2025-03-26,220.3656463623047,223.83730853242594,219.3112201065871,222.33523531503357,34466100,AAPL
2025-03-27,222.6734619140625,223.80746952519274,219.40074548587612,220.2263848697343,37094800,AAPL
2025-03-28,216.75469970703125,222.63364006926244,216.5358548246797,220.50488863250547,39818600,AAPL
2025-03-31,220.96249389648438,224.43414081005062,215.09349507460487,215.86939419548492,65299300,AAPL
2025-04-01,222.0169219970703,222.50433685640354,217.749461617725,218.65468232589998,36412700,AAPL
2025-04-02,222.71322631835938,224.0063965120705,219.85831598824518,220.15674221426906,35905900,AAPL
2025-04-03,202.12203979492188,206.39944211542388,200.19223396809613,204.4596791341039,103419000,AAPL
2025-04-04,187.38987731933594,198.82943318150367,186.3553350717911,192.87091122900438,125910900,AAPL
2025-04-07,180.50625610351562,193.12954493623218,173.70219548773406,176.26863687444822,160466300,AAPL
2025-04-08,171.51376342773438,189.33957458197378,168.32064359895526,185.71870692843436,120859500,AAPL
2025-04-09,197.80484008789062,199.55558397169528,170.9865365771085,171.04621878540135,184395900,AAPL
2025-04-10,189.41917419433594,193.75625918037224,182.0381746186605,188.07627873463142,121880000,AAPL
2025-04-11,197.10850524902344,198.4911987157403,185.08205468111316,185.12185293864357,87435900,AAPL
2025-04-14,201.45553588867188,211.82076535143517,200.10268359760292,210.3286495235762,101352900,AAPL
2025-04-15,201.07754516601562,202.44033954558066,198.74984792281177,200.7990180691496,51343900,AAPL
2025-04-16,193.24891662597656,199.64511311117855,191.35889396287376,197.31741584829123,59732400,AAPL
2025-04-17,195.94467163085938,197.78495412822454,193.39812938355274,196.16351652823,52164700,AAPL
2025-04-21,192.14476013183594,192.78139570274652,188.8123615658979,192.25418258208256,46742500,AAPL
2025-04-22,198.690185546875,200.53045296496776,194.93999616163734,195.0892017003565,52976400,AAPL
2025-04-23,203.5246124267578,206.90673568869565,201.7340703321958,204.91724784553512,52929200,AAPL
2025-04-24,207.2747802734375,207.73236914311858,201.87332821636014,203.81307577336062,47311000,AAPL
2025-04-25,208.18002319335938,208.6475540878433,205.1162098506388,205.28531450927932,38222300,AAPL
2025-04-28,209.0355224609375,210.38837503045187,206.36961558551846,208.89625889548412,38743100,AAPL
2025-04-29,210.09986877441406,211.1244537916441,207.27478452266,207.59310986089218,36827600,AAPL
2025-04-30,211.38308715820312,212.45741243436711,205.58372816909105,208.19990958730307,52286500,AAPL
2025-05-01,212.1988067626953,213.43227966302132,207.80202473083082,207.98108655162656,57365700,AAPL
2025-05-02,204.27069091796875,205.9020705063368,201.09745506032002,205.0067917796952,101010600,AAPL
2025-05-05,197.8446502685547,203.0272736250085,197.1682315771274,202.03252954096354,69018500,AAPL
2025-05-06,197.4666290283203,199.59538061408486,195.98447015970467,197.1682179665783,51216500,AAPL
2025-05-07,195.21852111816406,198.3917570874617,192.23428894820486,198.12317194216024,68536700,AAPL
2025-05-08,196.45199584960938,198.99853803284546,193.65675249053749,196.68078271707188,50478900,AAPL
2025-05-09,197.4865264892578,199.48595647897335,196.50172445806652,197.95405738682032,36453900,AAPL
2025-05-12,209.95704650878906,210.435160708662,205.93301745006437,210.13634313336473,63775800,AAPL
2025-05-13,212.08859252929688,212.55673652410627,208.17412935394688,209.59847136477597,51909300,AAPL
2025-05-14,211.490966796875,213.09460539099953,209.7478820292828,211.5905625216416,49325800,AAPL
2025-05-15,210.61444091796875,212.11848379882832,208.71198473801002,210.11641669484823,45029500,AAPL
2025-05-16,210.42518615722656,211.73002236916358,208.9410837213976,211.52084551122164,54737900,AAPL
2025-05-19,207.95498657226562,208.65221742207615,203.45284348728632,207.08842931596485,46140500,AAPL
2025-05-20,206.04258728027344,207.64622592622177,204.2198167548668,206.84938410987283,42496600,AAPL
2025-05-21,201.2914276123047,206.22186440009241,199.91689108628387,204.3592586621154,59211800,AAPL
2025-05-22,200.5643310546875,201.94883789272,198.91088686006037,199.91690559460176,46742400,AAPL
2025-05-23,194.49839782714844,196.9187884239126,192.69555244631704,192.9047141233614,78432900,AAPL
2025-05-27,199.4188690185547,199.94677348688452,196.64984031499387,197.51641281084125,56288500,AAPL
2025-05-28,199.62802124023438,201.92889064401075,199.1100718095576,199.79734764673603,45339700,AAPL
2025-05-29,199.15988159179688,203.0046291598645,197.72556941325453,202.77554227533128,51396800,AAPL
2025-05-30,200.05633544921875,201.1619498266407,196.00241099917397,198.5821728136608,70819900,AAPL
2025-06-02,200.90296936035156,201.33127809714276,199.32921098525782,199.488582384924,35423300,AAPL
2025-06-03,202.46678161621094,202.96480586317466,200.16591202699755,200.55437033168948,46381600,AAPL
2025-06-04,202.01853942871094,205.42502305946414,201.30138338029005,202.10818013514051,43604000,AAPL
2025-06-05,199.8372039794922,203.94091870107042,199.35908978394463,202.69585814733983,55126100,AAPL
2025-06-06,203.1142120361328,204.887177182899,201.25160617035465,202.19784922307906,46607700,AAPL
2025-06-09,200.65396118164062,205.18598475848052,199.22961916524454,203.58234611432158,72862600,AAPL
2025-06-10,201.869140625,203.54250994980842,199.77744796710627,199.8073282051838,54672600,AAPL
2025-06-11,197.99452209472656,203.69192080198684,197.62598900862739,202.6958722895077,60989900,AAPL
2025-06-12,198.41285705566406,198.890956077424,196.58013147350607,198.29333609984755,43904600,AAPL
2025-06-13,195.6737060546875,199.57821397711425,194.92666975119658,198.94074360607502,51447300,AAPL
2025-06-16,197.63592529296875,197.90486262143017,195.78327462738756,196.52035592822918,43020700,AAPL
2025-06-17,194.86692810058594,197.6060614779548,194.43863454049264,196.4207613301707,38856200,AAPL
2025-06-18,195.80320739746094,196.7893008408277,194.2991796996429,195.16573699325735,45394700,AAPL
2025-06-20,200.20574951171875,200.90298042554332,196.08210930882012,197.45666110928434,96813500,AAPL
2025-06-23,200.70376586914062,201.50060768152076,198.17380945321412,200.83325703321927,55814300,AAPL
2025-06-24,199.5084991455078,202.63609053842802,199.40888822531906,201.78944331230142,54064000,AAPL
2025-06-25,200.76351928710938,202.8651820841085,199.82723133036671,200.65395335177794,39525700,AAPL
2025-06-26,200.20574951171875,201.8392684520338,198.67184150130464,200.63404307360597,50799100,AAPL
2025-06-27,200.28543090820312,202.41697405518968,199.20969672208463,201.09222774816857,73188600,AAPL
2025-06-30,204.3592529296875,206.57048164253425,198.4726031076903,201.211736268348,91912800,AAPL
2025-07-01,206.99879455566406,209.35942450018746,205.3254252695324,205.85332972802502,78788900,AAPL
2025-07-02,211.6005401611328,212.49697770796604,207.31752868499885,208.08449026524102,67941800,AAPL
2025-07-03,212.70614624023438,213.8017903991559,210.97301649264048,211.31166931275297,34955800,AAPL
2025-07-07,209.120361328125,215.37554414763466,207.97491173225177,211.8395692407974,50229000,AAPL
2025-07-08,209.1801300048828,210.59451698338924,207.6262968509882,209.26978591644843,42848900,AAPL
2025-07-09,210.3056640625,210.49491569520316,206.40115605631001,208.70202548866368,48749400,AAPL
2025-07-10,211.57066345214844,212.63642743345136,209.2000631819418,209.67816220166208,44443600,AAPL
2025-07-11,210.32559204101562,211.29176024279,209.03072603053,209.73792710960444,39765800,AAPL
2025-07-14,207.79563903808594,210.0765986782557,206.71990480407712,209.10046017794556,38840100,AAPL
2025-07-15,208.28369140625,211.05270487364396,208.09443976951917,208.39325734338402,42296300,AAPL
2025-07-16,209.3295440673828,211.5606828488181,207.8155461810567,209.4689902412225,47490500,AAPL
2025-07-17,209.1901092529297,210.9630743588066,208.7618004967043,209.7379389650813,48068100,AAPL
2025-07-18,210.3455047607422,210.95309492429405,208.87135730762196,210.0367321724359,48974600,AAPL
2025-07-21,211.640380859375,214.92734394651046,210.79374875413163,211.26189276464606,51377400,AAPL
2025-07-22,213.55279541015625,214.1006251327807,211.39137195770533,212.29777975345726,46404100,AAPL
2025-07-23,213.30377197265625,214.29982043425818,211.57065737650467,214.15041924441525,46989300,AAPL
2025-07-24,212.9153289794922,214.83771055173221,212.68624207244096,213.05477516619655,46022600,AAPL
2025-07-25,213.03485107421875,214.38947759784276,212.5567368669443,213.85160291428238,40268800,AAPL
2025-07-28,213.20416259765625,214.00100435562788,212.21806921233596,213.18423737412155,37858000,AAPL
2025-07-29,210.43515014648438,213.96115480223384,209.9869314052821,213.33363944545516,51411700,AAPL
2025-07-30,208.2239227294922,211.55072076453234,206.89917652304968,211.06265157316113,45512500,AAPL
2025-07-31,206.74978637695312,209.01080544085684,206.3414028602417,207.66614913739534,80698400,AAPL
2025-08-01,201.58029174804688,212.73603143542957,200.7037642416869,210.03673342752194,104434500,AAPL
2025-08-04,202.5464630126953,207.0585613783641,200.88304868853191,203.70186769022786,75109300,AAPL
2025-08-05,202.11814880371094,204.52858421879685,201.36115745633876,202.59624780213056,44155100,AAPL
2025-08-06,212.40733337402344,214.52892145014,204.77759854868273,204.81744899810374,108483100,AAPL
2025-08-07,219.16053771972656,219.97730473834642,215.7241736307253,218.01508808955717,90224800,AAPL
2025-08-08,228.4437255859375,230.08719950298993,218.38362983130105,219.95738825778145,113854000,AAPL
2025-08-11,226.5391082763672,228.91239906441297,224.1259370249458,227.2770261826339,61806100,AAPL
2025-08-12,229.0021209716797,230.14888579943394,226.429412881848,227.36674823663387,55626200,AAPL
2025-08-13,232.6717529296875,234.33703985510917,229.77992501054072,230.4181341091737,69878500,AAPL
2025-08-14,232.12330627441406,234.4567012802976,230.19875827485632,233.39969406647393,51916300,AAPL
2025-08-15,230.9366455078125,233.6190590405621,228.69299310222902,233.33985018068216,56038700,AAPL
2025-08-18,230.23861694335938,232.4623214496413,229.46081868168693,231.04632935234682,37476200,AAPL
2025-08-19,229.90956115722656,232.2130419457167,228.70298322789472,230.62753117126795,39402600,AAPL
2025-08-20,225.3723907470703,229.81981519856654,225.13307755654054,229.33119207499826,42263900,AAPL
2025-08-21,224.26551818847656,225.88095827873425,223.14868274098328,225.63166356522294,30621200,AAPL
2025-08-22,227.11746215820312,228.44371192910324,224.77410085849388,225.53195134940427,42477800,AAPL
2025-08-25,226.5191650390625,228.65312729963858,225.59178073979155,225.84107546750252,30983100,AAPL
2025-08-26,228.6630859375,228.84258604761433,224.05612439304167,226.22996704217394,54575100,AAPL
2025-08-27,229.8397674560547,230.24859923631865,227.6160475796746,227.96506627689797,31259500,AAPL
2025-08-28,231.9039306640625,232.75153884501827,228.69301327644948,230.16884905542523,38074700,AAPL
2025-08-29,231.485107421875,232.7216147258446,230.71727541448905,231.85405874294378,39418400,AAPL
2025-09-02,229.0719451904297,230.19876225122124,226.32970313085187,228.6032698757151,44075600,AAPL
2025-09-03,237.79725646972656,238.17618932549604,233.69885053091846,236.5408165177042,66427800,AAPL
2025-09-04,239.1035614013672,239.2232180033205,236.07214416452067,237.77731160532718,47549400,AAPL
2025-09-05,239.0137939453125,240.63920029193574,237.81718240373485,239.32291694518142,54870400,AAPL
2025-09-08,237.2089080810547,239.47249309970456,235.67324414176576,238.62490021245955,48999500,AAPL
2025-09-09,233.68887329101562,238.1063683630383,232.70166073618753,236.33139119913957,66313900,AAPL
2025-09-10,226.1501922607422,231.76431424305812,225.31256565050364,231.53496736029473,83440800,AAPL
2025-09-11,229.3810577392578,229.7998710451417,226.010588238333,226.23995033725743,50208600,AAPL
2025-09-12,233.40968322753906,233.84842918261825,228.373926506362,228.57335925244223,55824200,AAPL
2025-09-15,236.0322265625,237.5180285002954,234.3669397384463,236.33138325533858,42699500,AAPL
2025-09-16,237.4781494140625,240.53949594661788,235.65332541334,236.51088466190768,63421100,AAPL
2025-09-17,238.3157958984375,239.42266510979977,237.05934071942244,238.2958480596019,46508000,AAPL
2025-09-18,237.2089080810547,240.51953392817583,235.98236714862816,239.2930082114909,44249600,AAPL
2025-09-19,244.8074188232422,245.60516498271895,239.53234916144805,240.5494606794321,163741300,AAPL
2025-09-22,255.35755920410156,255.9160073848096,247.42002368458668,247.5995237986898,105517400,AAPL
2025-09-23,253.71221923828125,256.6140134777918,252.86462630601793,255.15814081026073,60275200,AAPL
2025-09-24,251.59820556640625,255.01853710208397,250.33178410429736,254.49999981420794,42303700,AAPL
2025-09-25,256.14532470703125,256.4444966190252,250.99989343760635,252.49566170312627,55202100,AAPL
2025-09-26,254.73931884765625,256.87328100426123,253.06405044687503,253.38315498635407,46076300,AAPL
2025-09-29,253.71221923828125,254.28061851263055,252.29622703166862,253.84185736381545,40127700,AAPL
2025-09-30,253.9116668701172,255.1980209495745,252.39595068950493,254.1410137555297,37704300,AAPL
2025-10-01,254.72933959960938,258.0599285933123,254.21080232618834,254.32049261064776,48713900,AAPL
2025-10-02,256.40460205078125,257.45162766856953,253.43299812845933,255.85613542550084,42630200,AAPL
2025-10-03,257.2920837402344,258.5086431914624,253.23357360959045,253.9515436206674,49155600,AAPL
2025-10-06,255.9658660888672,258.339156849437,254.33049322602108,257.262186546101,44664100,AAPL
2025-10-07,255.75643920898438,256.67382669789566,254.70938317067183,256.0854948355218,31955800,AAPL
2025-10-08,257.33197021484375,257.7906639625656,255.3874592951906,255.7963062732735,36496900,AAPL
2025-10-09,253.32330322265625,257.27213808351553,252.42584836214985,257.08267167133846,38322000,AAPL
2025-10-10,244.57806396484375,255.6567217403356,243.3116425485481,254.2207817432353,61999100,AAPL
2025-10-13,246.96133422851562,248.98560621270488,244.86725241658198,248.67648318296307,38142900,AAPL
2025-10-14,247.07101440429688,248.14796941642882,244.00966795095763,245.90431694508948,35478000,AAPL
2025-10-15,248.63656616210938,251.1095806192417,246.77184661648403,248.78615211625979,33893600,AAPL
2025-10-16,246.7519073486328,248.33741809379524,244.43846029169785,247.54965348458146,39777000,AAPL
2025-10-17,251.5782470703125,252.66518358811555,246.57242016484557,247.3203043073955,49147000,AAPL
2025-10-20,261.50018310546875,263.63416054313814,254.90884523128253,255.168106265739,90483000,AAPL
2025-10-21,262.0286865234375,264.5415968076956,261.0913359303388,261.141213133835,46695900,AAPL
2025-10-22,257.72088623046875,262.1084670888602,254.70938662410154,261.9090191460537,45015300,AAPL
2025-10-23,258.84765625,259.8847307097371,257.2821086816683,259.2066564378435,32754900,AAPL
2025-10-24,262.07855224609375,263.3848541030092,258.44880663072195,260.4531458541269,38253700,AAPL
2025-10-27,268.0516662597656,268.36078929414754,263.90339825112477,264.13276036080543,44888200,AAPL
2025-10-28,268.2411193847656,269.12862319727753,267.39351124836816,268.23113785786586,41534800,AAPL
2025-10-29,268.93914794921875,270.6443152614699,266.35642794866993,268.5203194424725,51086700,AAPL
2025-10-30,270.63433837890625,273.36662916750566,267.72259312931254,271.2226702585742,69886500,AAPL
2025-10-31,269.6072692871094,276.53767519933945,268.40069127196034,276.2085891024436,86167100,AAPL
2025-11-03,268.29095458984375,270.08589475979994,265.49886601188945,269.65711516237894,50194600,AAPL
2025-11-04,269.2781982421875,270.72408938596277,266.86501191822913,267.5730004152706,49274800,AAPL
2025-11-05,269.3779296875,270.9335263776032,266.17696342424256,267.8522167164328,43683100,AAPL
2025-11-06,269.0089416503906,272.6287059365568,267.1342708755924,267.1342708755924,51204000,AAPL
2025-11-07,267.7126159667969,271.5218466038475,266.0173996929098,269.03885049148494,48227400,AAPL
2025-11-10,268.93035888671875,273.22240319845355,266.96401085683,268.46122924118225,41312400,AAPL
2025-11-11,274.73956298828125,275.3983427074405,269.2996575494418,269.3096487524697,46208300,AAPL
2025-11-12,272.9628601074219,275.2186787593472,271.19615348009904,274.49002155435767,48398000,AAPL
2025-11-13,272.44384765625,276.1868935731559,271.5854266195937,273.6016697208788,49602800,AAPL
2025-11-14,271.9048156738281,275.44821996704485,269.10002929321837,270.54732197227213,47431300,AAPL
2025-11-17,266.9639892578125,269.98836893107386,265.237217022597,268.3214829895084,45018300,AAPL
2025-11-18,266.9440612792969,270.2079864201871,264.8279974843966,269.48932037088264,45677300,AAPL
2025-11-19,268.06195068359375,271.7051756343288,265.00762791735707,265.0375710636542,40424500,AAPL
2025-11-20,265.7562561035156,274.91922505965954,265.42688147061517,270.327749378444,45823600,AAPL
2025-11-21,270.98651123046875,272.8230952896135,265.17732758833057,265.4568071090486,59030800,AAPL
2025-11-24,275.4083251953125,276.4863089537433,270.397615191446,270.397615191446,65585800,AAPL
2025-11-25,276.4563903808594,279.8600705608694,274.73957871594786,274.75953066216096,46914200,AAPL
2025-11-26,277.0352783203125,279.01161742605893,276.1170014953278,276.44637611579356,33431400,AAPL
2025-11-28,278.3328857421875,278.4826014787427,275.4781737009374,276.7458380127342,20135600,AAPL
2025-12-01,282.57501220703125,282.89442609469603,275.62792768573877,277.4944549964911,46587700,AAPL
2025-12-02,285.6592712402344,286.86701880065203,282.10587559562896,282.47518456741903,53669500,AAPL
2025-12-03,283.623046875,288.0847586222564,282.77461708045536,285.6692634925469,43538700,AAPL
2025-12-04,280.179443359375,284.20196835267484,278.07334059490756,283.5731318378766,43989100,AAPL
2025-12-05,278.26300048828125,280.6186397013617,277.53434330937836,280.01974631085085,47265800,AAPL
2025-12-08,277.3746643066406,279.15136205700173,275.6378704438954,277.6142094762677,38211800,AAPL
2025-12-09,276.66595458984375,279.5106752769474,276.40645748061854,277.64414811825674,32193300,AAPL
2025-12-10,278.26300048828125,279.2312028389952,275.92734368017386,277.23491184461454,33038300,AAPL
2025-12-11,277.514404296875,279.07150890817053,273.3022288840155,278.5824273392719,33248000,AAPL
2025-12-12,277.7639465332031,278.70220580092337,276.30666253778065,277.38464634485007,39532900,AAPL
2025-12-15,273.6016540527344,279.63046152672615,272.33402020742307,279.63046152672615,50409100,AAPL
2025-12-16,274.1007385253906,274.9891026980292,271.2859911871425,272.3140798989353,37648600,AAPL
2025-12-17,271.33587646484375,275.6478724530811,271.13626563598973,274.50001118897205,50138700,AAPL
2025-12-18,271.68524169921875,273.12257373871984,266.4549687260805,273.1025913325419,51630700,AAPL
2025-12-19,273.1625061035156,274.09077415448866,269.399477884542,271.6453053723066,144632000,AAPL
2025-12-22,270.4674987792969,273.37210596231955,270.00836035897595,272.3539780142796,36571800,AAPL
2025-12-23,271.85491943359375,271.99467443806464,269.06012395403746,270.3377490962612,29642000,AAPL
2025-12-24,273.3022155761719,274.9192064044749,271.69521595033444,271.8349404799371,17910600,AAPL
2025-12-26,272.8929748535156,274.859322715931,272.35396775197984,273.65157518449314,21521800,AAPL
2025-12-29,273.2523498535156,273.8512128461511,271.8449608988494,272.1843267483383,23715200,AAPL
2025-12-30,272.5735778808594,273.5717234473003,271.77507361210075,272.304089543875,22139600,AAPL
2025-12-31,271.3558349609375,273.17246717497864,271.24605357156486,272.553621806917,27293600,AAPL
2026-01-02,270.5074157714844,277.32473598417806,268.5011336129586,271.75509761912826,37838100,AAPL
2026-01-05,266.7643737792969,271.0064921177503,265.6464557026853,270.1381104139889,45647200,AAPL
2026-01-06,261.8734436035156,267.0538212812338,261.6338984265986,266.504853430471,52352100,AAPL
2026-01-07,259.8471984863281,263.1909919246956,259.32817380451803,262.71190159101934,48309800,AAPL
2026-01-08,258.55963134765625,258.80916773471864,255.22581364132833,256.5433578451618,50419300,AAPL
2026-01-09,258.8890075683594,259.7274461787287,255.74485516422806,258.5995368285105,39997000,AAPL
2026-01-12,259.76739501953125,260.8154357257053,256.32378048041085,258.6794199598783,45263800,AAPL
2026-01-13,260.5658874511719,261.3244878277737,257.9108470550362,258.24022168851656,45730800,AAPL
2026-01-14,259.4779052734375,261.33447181199796,256.23393227813756,259.0087756526009,40019400,AAPL
2026-01-15,257.73114013671875,260.5559089501236,256.5732877053955,260.1666175851947,39388600,AAPL
2026-01-16,255.05613708496094,258.41988279267105,254.45724364888233,257.4217372195352,72142800,AAPL
2026-01-20,246.2425079345703,254.31750190322293,242.9685916985444,252.26132447540706,80267500,AAPL
2026-01-21,247.1907501220703,251.09350304772093,244.72532928784554,248.23880604127606,54641700,AAPL
2026-01-22,247.8894500732422,250.53452965267718,247.68980878155546,248.737864640942,39708300,AAPL
2026-01-23,247.58001708984375,248.94748685874615,244.22624741136653,246.86136630134166,41689000,AAPL
2026-01-26,254.9363555908203,256.08421686766076,249.336758511775,251.01363570547153,55969200,AAPL
2026-01-27,257.791015625,261.46421404872183,257.73112933459527,258.68937090303496,49648300,AAPL
2026-01-28,255.96446228027344,258.3799575946877,254.03803333601454,257.17220993748055,41288000,AAPL
2026-01-29,257.801025390625,259.16847988830324,253.93820707645818,257.52154586161765,67253000,AAPL
2026-01-30,258.9988098144531,261.41430490835,251.7123292610244,254.69678984095313,92443400,AAPL
2026-02-02,269.5093078613281,269.98839826257677,258.7293169184304,259.5478036352127,73913400,AAPL
2026-02-03,268.98028564453125,271.3758289780004,267.11372779647115,268.70080609664296,64394700,AAPL
2026-02-04,275.97723388671875,278.432693698261,271.7850411492978,271.7850411492978,90545700,AAPL
2026-02-05,275.3983459472656,278.98168486317746,272.72332314901723,277.6142303156022,52977400,AAPL
2026-02-06,277.6042175292969,280.3890519626743,276.4164219647768,276.6060720438839,50453400,AAPL
2026-02-09,274.3672180175781,277.9439398399519,271.4499228389202,277.6541982366954,44623400,AAPL
2026-02-10,273.4280700683594,275.11651686144285,272.68876099546605,274.6369782150198,34376900,AAPL
2026-02-11,275.24639892578125,279.92208361183503,274.1973776592452,274.44714753122867,51931300,AAPL
2026-02-12,261.4891052246094,275.46621856633783,259.94051360693726,275.3363333447182,81077200,AAPL
2026-02-13,255.5445556640625,261.9886306947134,255.21485759663088,261.7688319830923,56290700,AAPL
2026-02-17,263.6371154785156,266.0449008431299,255.30478047881587,257.8124646511843,58469100,AAPL
2026-02-18,264.106689453125,266.57441720150126,262.20844437502524,263.35737977838915,34203300,AAPL
2026-02-19,260.3401184082031,264.2365527856389,259.81060750150084,262.35827847824623,30845300,AAPL
2026-02-20,264.3364562988281,264.5063132392292,257.9223826043077,258.73163460792017,42070500,AAPL
2026-02-23,265.9349670410156,269.1819753311392,263.13755670993424,263.24744081710827,37308200,AAPL
2026-02-24,271.8895263671875,274.6369951599546,267.46358073991865,267.61343657617186,47014600,AAPL
2026-02-25,273.97760009765625,274.6869380517792,270.8005039088116,271.5298429675081,33714300,AAPL
2026-02-26,272.6987609863281,275.8558253670768,270.55071567552415,274.6969199809464,32345100,AAPL
2026-02-27,263.93682861328125,272.5588900215503,262.6480379442022,272.5588900215503,72366500,AAPL
2026-03-02,264.476318359375,266.2846497598317,259.960490133898,262.16844722421786,41827900,AAPL
2026-03-03,263.5072326660156,265.31556422164516,259.8905695547566,263.23749216234586,38568900,AAPL
2026-03-04,262.2783508300781,265.9050144519466,261.179387723623,264.4063951364299,39803100,AAPL
2026-03-05,260.0504150390625,261.3192350446657,257.01320478174756,260.54995479568396,49658600,AAPL
2026-03-06,257.2229919433594,258.53178361058343,254.13584003818684,258.39192833924307,41120000,AAPL
2026-03-09,259.6407775878906,260.9095975388004,253.44647267699952,255.45463216869055,38218500,AAPL
2026-03-10,260.58990478515625,262.2384104290217,256.71350175461305,257.4128391437035,30590800,AAPL
2026-03-11,260.5699157714844,261.888707997661,259.3110658747261,260.8496568052655,26218900,AAPL
2026-03-12,255.52456665039062,258.71164792954545,253.94601921584928,258.4219063383753,40794000,AAPL
2026-03-13,249.8897705078125,256.0940459350445,249.29033192864068,255.24483747003174,36930000,AAPL
2026-03-16,252.58729553222656,253.6563027081548,249.6499992581203,251.87794235419486,32074200,AAPL
2026-03-17,253.99598693847656,254.89516767044782,251.94787083452104,252.72716690012706,32361600,AAPL
2026-03-18,249.70994567871094,254.70534343896443,248.7708084606242,252.3974721128864,35757900,AAPL
2026-03-19,248.73085021972656,251.5982036354298,247.0723745163624,249.17043241392184,34864100,AAPL
2026-03-20,247.76173400878906,248.97061168291066,245.77356028907465,247.7517334570195,88331100,AAPL
2026-03-23,251.25851440429688,254.3656523266213,250.0496214753341,253.73622734962268,40546100,AAPL
2026-03-24,251.4083709716797,254.5954370944537,249.32029842391177,250.1195650925759,45152300,AAPL
2026-03-25,252.38746643066406,254.76528059453105,251.3684162845015,253.86611511385965,28476700,AAPL
2026-03-26,252.6572265625,256.76344411909713,250.53918279672283,251.88793104116345,41796700,AAPL
2026-03-27,248.57098388671875,255.2548282141602,247.8416601166152,253.666280215245,47900000,AAPL
2026-03-30,246.40298461914062,250.63907198816298,245.28400520065438,249.83982057534305,39446200,AAPL
2026-03-31,253.55638122558594,255.24482803058763,246.87255213324852,247.6818040942864,49598100,AAPL
2026-04-01,255.3946990966797,255.94418062939917,253.096813183035,253.8461228128272,40059400,AAPL
2026-04-02,255.68443298339844,255.89424639361263,250.4192795609811,253.96601496217014,31289400,AAPL
2026-04-06,258.6217041015625,261.9186847371787,256.2239194053331,256.27389167390277,29329900,AAPL
2026-04-07,253.26666259765625,255.96418954301222,245.47383916108728,255.92421782448065,62148000,AAPL
2026-04-08,258.66168212890625,259.51090582044134,256.29386854025813,258.2121146377317,41032800,AAPL
2026-04-09,260.2502136230469,260.879638597066,255.8342992320816,258.7615948993736,28121600,AAPL
2026-04-10,260.240234375,261.94865175168746,258.78155637925676,259.7406946341393,31291500,AAPL
2026-04-13,258.96142578125,259.9405042051452,256.4237552437805,259.49093671136296,36234700,AAPL
2026-04-14,258.59173583984375,261.68888841493145,256.9532612999924,259.01136264890187,48370700,AAPL
2026-04-15,266.18475341796875,266.3146386359468,257.57269269729437,257.92237663273806,49913500,AAPL
2026-04-16,263.15753173828125,266.91408037974617,261.0294875448873,266.55439590858066,43323100,AAPL
2026-04-17,269.98126220703125,272.0493335842862,266.47448343207725,266.7142527536172,61436200,AAPL
2026-04-20,272.79864501953125,274.0275237795767,270.04120633500696,270.08114756253855,36590200,AAPL
2026-04-21,265.9250183105469,272.5488901425708,265.1557075406741,271.250098918132,50209800,AAPL
2026-04-22,272.9185791015625,273.48803128351057,266.62435952726383,267.5734973129919,43249200,AAPL
2026-04-23,273.1783142089844,275.5161566987003,271.39995382845746,274.79681820267325,33399600,AAPL
2026-04-24,270.81048583984375,272.80864483253174,269.4017800912603,272.50893317942314,38157100,AAPL
2026-04-27,267.3636474609375,268.1129570778125,264.8260075108844,265.84505761361925,41466800,AAPL
2026-04-28,270.4608154296875,272.97851539952296,268.4127145556596,272.0893199684016,40018900,AAPL
2026-04-29,269.92132568359375,270.7905199823619,266.7942019267937,267.3037117460274,30047900,AAPL
2026-04-30,271.1002502441406,275.7459641951834,267.893213328058,270.25102650288807,91848200,AAPL
2026-05-01,279.88214111328125,286.95561044034525,278.1137509144006,278.6032901046287,79915400,AAPL
2026-05-04,276.5751647949219,280.3716851917065,274.60697695873915,279.4025768563376,46668400,AAPL
2026-05-05,283.9184265136719,284.30808218316156,276.2455026895375,276.6750995896243,49311700,AAPL
2026-05-06,287.245361328125,287.76487170009636,280.8112868075762,281.66051049385584,58336100,AAPL
2026-05-07,287.1754150390625,291.8611003514943,285.5169394038565,289.00371711581823,45224300,AAPL
2026-05-08,293.0500183105469,294.4886952888782,289.7330669166447,289.7430674686918,52692800,AAPL
2025-01-02,379.2799987792969,392.7300109863281,373.0400085449219,390.1000061035156,109710700,TSLA
2025-01-03,410.44000244140625,411.8800048828125,379.45001220703125,381.4800109863281,95423300,TSLA
2025-01-06,411.04998779296875,426.42999267578125,401.70001220703125,423.20001220703125,85516500,TSLA
2025-01-07,394.3599853515625,414.3299865722656,390.0,405.8299865722656,75699500,TSLA
2025-01-08,394.94000244140625,402.5,387.3999938964844,392.95001220703125,73038800,TSLA
2025-01-10,394.739990234375,399.2799987792969,377.2900085449219,391.3999938964844,62287300,TSLA
2025-01-13,403.30999755859375,403.7900085449219,380.07000732421875,383.2099914550781,67580500,TSLA
2025-01-14,396.3599853515625,422.6400146484375,394.5400085449219,414.3399963378906,84565000,TSLA
2025-01-15,428.2200012207031,429.79998779296875,405.6600036621094,409.8999938964844,81375500,TSLA
2025-01-16,413.82000732421875,424.0,409.1300048828125,423.489990234375,68335200,TSLA
2025-01-17,426.5,439.739990234375,419.75,421.5,94991400,TSLA
2025-01-21,424.07000732421875,433.20001220703125,406.30999755859375,432.6400146484375,87320900,TSLA
2025-01-22,415.1099853515625,428.0,414.5899963378906,416.80999755859375,60963300,TSLA
2025-01-23,412.3800048828125,420.7300109863281,408.95001220703125,416.05999755859375,50690600,TSLA
2025-01-24,406.5799865722656,418.8800048828125,405.7799987792969,414.45001220703125,56427100,TSLA
2025-01-27,397.1499938964844,406.69000244140625,389.0,394.79998779296875,58125500,TSLA
2025-01-28,398.0899963378906,400.5899963378906,386.5,396.9100036621094,48910700,TSLA
2025-01-29,389.1000061035156,398.5899963378906,384.4800109863281,395.2099914550781,68033600,TSLA
2025-01-30,400.2799987792969,412.5,384.4100036621094,410.7799987792969,98092900,TSLA
2025-01-31,404.6000061035156,419.989990234375,401.3399963378906,401.5299987792969,83283600,TSLA
2025-02-03,383.67999267578125,389.1700134277344,374.3599853515625,386.67999267578125,93732100,TSLA
2025-02-04,392.2099914550781,394.0,381.3999938964844,382.6300048828125,57072200,TSLA
2025-02-05,378.1700134277344,388.3900146484375,375.5299987792969,387.510009765625,57223300,TSLA
2025-02-06,374.32000732421875,375.3999938964844,363.17999267578125,373.0299987792969,77918200,TSLA
2025-02-07,361.6199951171875,380.54998779296875,360.3399963378906,370.19000244140625,70298300,TSLA
2025-02-10,350.7300109863281,362.70001220703125,350.510009765625,356.2099914550781,77514900,TSLA
2025-02-11,328.5,349.3699951171875,325.1000061035156,345.79998779296875,118543400,TSLA
2025-02-12,336.510009765625,346.3999938964844,329.1199951171875,329.94000244140625,105382700,TSLA
2025-02-13,355.94000244140625,358.69000244140625,342.8500061035156,345.0,89441500,TSLA
2025-02-14,355.8399963378906,362.0,347.5,360.6199951171875,68277300,TSLA
2025-02-18,354.1099853515625,359.1000061035156,350.0199890136719,355.010009765625,51631700,TSLA
2025-02-19,360.55999755859375,367.3399963378906,353.6700134277344,354.0,67094400,TSLA
2025-02-20,354.3999938964844,362.29998779296875,348.0,361.510009765625,45965400,TSLA
2025-02-21,337.79998779296875,354.9800109863281,334.4200134277344,353.44000244140625,74058600,TSLA
2025-02-24,330.5299987792969,342.3999938964844,324.70001220703125,338.1400146484375,76052300,TSLA
2025-02-25,302.79998779296875,328.8900146484375,297.25,327.0199890136719,134228800,TSLA
2025-02-26,290.79998779296875,309.0,288.0400085449219,303.7099914550781,100118300,TSLA
2025-02-27,281.95001220703125,297.2300109863281,280.8800048828125,291.1600036621094,101748200,TSLA
2025-02-28,292.9800109863281,293.8800048828125,273.6000061035156,279.5,115697000,TSLA
2025-03-03,284.6499938964844,303.94000244140625,277.29998779296875,300.3399963378906,115551400,TSLA
2025-03-04,272.0400085449219,284.3500061035156,261.8399963378906,270.92999267578125,126706600,TSLA
2025-03-05,279.1000061035156,279.54998779296875,267.7099914550781,272.9200134277344,94042900,TSLA
2025-03-06,263.45001220703125,272.6499938964844,260.0199890136719,272.05999755859375,98451600,TSLA
2025-03-07,262.6700134277344,266.25,250.72999572753906,259.32000732421875,102369600,TSLA
2025-03-10,222.14999389648438,253.3699951171875,220.0,252.5399932861328,189076900,TSLA
2025-03-11,230.5800018310547,237.05999755859375,217.02000427246094,225.30999755859375,174896400,TSLA
2025-03-12,248.08999633789062,251.83999633789062,241.10000610351562,247.22000122070312,142215700,TSLA
2025-03-13,240.67999267578125,248.2899932861328,232.60000610351562,248.1300048828125,114813500,TSLA
2025-03-14,249.97999572753906,251.5800018310547,240.72999572753906,247.30999755859375,100242300,TSLA
2025-03-17,238.00999450683594,245.39999389648438,232.8000030517578,245.05999755859375,111900600,TSLA
2025-03-18,225.30999755859375,230.10000610351562,222.27999877929688,228.16000366210938,111477600,TSLA
2025-03-19,235.86000061035156,241.41000366210938,229.1999969482422,231.61000061035156,111993800,TSLA
2025-03-20,236.25999450683594,238.0,230.0500030517578,233.35000610351562,99028300,TSLA
2025-03-21,248.7100067138672,249.52000427246094,234.5500030517578,234.99000549316406,132728700,TSLA
2025-03-24,278.3900146484375,278.6400146484375,256.3299865722656,258.0799865722656,169079900,TSLA
2025-03-25,288.1400146484375,288.20001220703125,271.2799987792969,283.6000061035156,150361500,TSLA
2025-03-26,272.05999755859375,284.8999938964844,266.510009765625,282.6600036621094,153629800,TSLA
2025-03-27,273.1300048828125,291.8500061035156,271.82000732421875,272.4800109863281,162572100,TSLA
2025-03-28,263.54998779296875,276.1000061035156,260.57000732421875,275.5799865722656,123809400,TSLA
2025-03-31,259.1600036621094,260.55999755859375,243.36000061035156,249.30999755859375,134008900,TSLA
2025-04-01,268.4599914550781,277.45001220703125,259.25,263.79998779296875,146486900,TSLA
2025-04-02,282.760009765625,284.989990234375,251.27000427246094,254.60000610351562,212787800,TSLA
2025-04-03,267.2799987792969,276.29998779296875,261.510009765625,265.2900085449219,136174300,TSLA
2025-04-04,239.42999267578125,261.0,236.0,255.3800048828125,181229400,TSLA
2025-04-07,233.2899932861328,252.0,214.25,223.77999877929688,183453800,TSLA
2025-04-08,221.86000061035156,250.44000244140625,217.8000030517578,245.0,171603500,TSLA
2025-04-09,272.20001220703125,274.69000244140625,223.8800048828125,224.69000244140625,219433400,TSLA
2025-04-10,252.39999389648438,262.489990234375,239.3300018310547,260.0,181722600,TSLA
2025-04-11,252.30999755859375,257.739990234375,241.36000061035156,251.83999633789062,128948100,TSLA
2025-04-14,252.35000610351562,261.79998779296875,245.92999267578125,258.3599853515625,100135200,TSLA
2025-04-15,254.11000061035156,258.75,247.5399932861328,249.91000366210938,79594300,TSLA
2025-04-16,241.5500030517578,251.97000122070312,233.88999938964844,247.61000061035156,112378700,TSLA
2025-04-17,241.3699951171875,244.33999633789062,237.67999267578125,243.47000122070312,83404800,TSLA
2025-04-21,227.5,232.2100067138672,222.7899932861328,230.25999450683594,97768000,TSLA
2025-04-22,237.97000122070312,242.7899932861328,229.85000610351562,230.9600067138672,120858500,TSLA
2025-04-23,250.74000549316406,259.45001220703125,244.42999267578125,254.86000061035156,150381900,TSLA
2025-04-24,259.510009765625,259.5400085449219,249.1999969482422,250.5,94464200,TSLA
2025-04-25,284.95001220703125,286.8500061035156,259.6300048828125,261.69000244140625,167560700,TSLA
2025-04-28,285.8800048828125,294.8599853515625,272.4200134277344,288.9800109863281,151731800,TSLA
2025-04-29,292.0299987792969,293.32000732421875,279.4700012207031,285.5,108906600,TSLA
2025-04-30,282.1600036621094,284.45001220703125,270.7799987792969,279.8999938964844,128961100,TSLA
2025-05-01,280.5199890136719,290.8699951171875,279.80999755859375,280.010009765625,99659000,TSLA
2025-05-02,287.2099914550781,294.7799987792969,279.80999755859375,284.8999938964844,114454700,TSLA
2025-05-05,280.260009765625,284.8500061035156,274.3999938964844,284.57000732421875,94618900,TSLA
2025-05-06,275.3500061035156,277.7300109863281,271.3500061035156,273.1099853515625,76715800,TSLA
2025-05-07,276.2200012207031,277.9200134277344,271.0,276.8800048828125,71592600,TSLA
2025-05-08,284.82000732421875,289.79998779296875,279.4100036621094,279.6300048828125,97539400,TSLA
2025-05-09,298.260009765625,307.0400085449219,290.0,290.2099914550781,132387800,TSLA
2025-05-12,318.3800048828125,322.2099914550781,311.5,321.989990234375,112826700,TSLA
2025-05-13,334.07000732421875,337.5899963378906,316.79998779296875,320.0,136992600,TSLA
2025-05-14,347.67999267578125,350.0,337.0,342.5,136997300,TSLA
2025-05-15,342.82000732421875,346.1400146484375,334.7200012207031,340.3399963378906,97882600,TSLA
2025-05-16,349.9800109863281,351.6199951171875,342.3299865722656,346.239990234375,95895700,TSLA
2025-05-19,342.0899963378906,343.0,333.3699951171875,336.29998779296875,88869900,TSLA
2025-05-20,343.82000732421875,354.989990234375,341.6300048828125,347.8699951171875,131715500,TSLA
2025-05-21,334.6199951171875,347.3500061035156,332.20001220703125,344.42999267578125,102354800,TSLA
2025-05-22,341.0400085449219,347.2699890136719,331.3900146484375,331.8999938964844,97113400,TSLA
2025-05-23,339.3399963378906,343.17999267578125,333.2099914550781,337.9200134277344,84654800,TSLA
2025-05-27,362.8900146484375,363.7900085449219,347.32000732421875,347.3500061035156,120146400,TSLA
2025-05-28,356.8999938964844,365.0,355.9100036621094,364.8399963378906,91404300,TSLA
2025-05-29,358.42999267578125,367.7099914550781,356.0,365.2900085449219,88087800,TSLA
2025-05-30,346.4599914550781,363.67999267578125,345.2900085449219,355.5199890136719,123474900,TSLA
2025-06-02,342.69000244140625,348.0199890136719,333.3299865722656,343.5,81873800,TSLA
2025-06-03,344.2699890136719,355.3999938964844,343.0400085449219,346.6000061035156,99324500,TSLA
2025-06-04,332.04998779296875,345.6000061035156,327.3299865722656,345.1000061035156,98912100,TSLA
2025-06-05,284.70001220703125,324.54998779296875,273.2099914550781,322.489990234375,287499800,TSLA
2025-06-06,295.1400146484375,305.5,291.1400146484375,298.8299865722656,164747700,TSLA
2025-06-09,308.5799865722656,309.8299865722656,281.8500061035156,285.9599914550781,140908900,TSLA
2025-06-10,326.0899963378906,327.8299865722656,310.6700134277344,314.94000244140625,151256500,TSLA
2025-06-11,326.42999267578125,335.5,322.5,334.3999938964844,122611400,TSLA
2025-06-12,319.1099853515625,332.55999755859375,316.8599853515625,323.0799865722656,105127500,TSLA
2025-06-13,325.30999755859375,332.989990234375,313.29998779296875,313.9700012207031,128964300,TSLA
2025-06-16,329.1300048828125,332.04998779296875,326.4100036621094,331.2900085449219,83925900,TSLA
2025-06-17,316.3500061035156,327.260009765625,314.739990234375,326.0899963378906,88282700,TSLA
2025-06-18,322.04998779296875,329.32000732421875,315.45001220703125,317.30999755859375,95137700,TSLA
2025-06-20,322.1600036621094,332.3599853515625,317.7799987792969,327.95001220703125,108688000,TSLA
2025-06-23,348.67999267578125,357.5400085449219,327.4800109863281,327.5400085449219,190716800,TSLA
2025-06-24,340.4700012207031,356.260009765625,340.44000244140625,356.1700134277344,114736200,TSLA
2025-06-25,327.54998779296875,343.0,320.3999938964844,342.70001220703125,119845100,TSLA
2025-06-26,325.7799987792969,331.04998779296875,323.6099853515625,324.6099853515625,80440900,TSLA
2025-06-27,323.6300048828125,329.3399963378906,317.5,324.510009765625,89067000,TSLA
2025-06-30,317.6600036621094,325.5799865722656,316.6000061035156,319.8999938964844,76695100,TSLA
2025-07-01,300.7099914550781,305.8900146484375,293.2099914550781,298.4599914550781,145085700,TSLA
2025-07-02,315.6499938964844,316.8299865722656,303.82000732421875,312.6300048828125,119483700,TSLA
2025-07-03,315.3500061035156,318.45001220703125,312.760009765625,317.989990234375,58042300,TSLA
2025-07-07,293.94000244140625,296.1499938964844,288.7699890136719,291.3699951171875,131177900,TSLA
2025-07-08,297.80999755859375,304.04998779296875,294.3500061035156,297.0,103246700,TSLA
2025-07-09,295.8800048828125,300.1499938964844,293.54998779296875,297.54998779296875,75586800,TSLA
2025-07-10,309.8699951171875,310.4800109863281,300.0,300.04998779296875,104365300,TSLA
2025-07-11,313.510009765625,314.0899963378906,305.6499938964844,307.8900146484375,79236400,TSLA
2025-07-14,316.8999938964844,322.6000061035156,312.6700134277344,317.7300109863281,78043400,TSLA
2025-07-15,310.7799987792969,321.20001220703125,310.5,319.67999267578125,77556300,TSLA
2025-07-16,321.6700134277344,323.5,312.6199951171875,312.79998779296875,97284800,TSLA
2025-07-17,319.4100036621094,324.3399963378906,317.05999755859375,323.1499938964844,73922900,TSLA
2025-07-18,329.6499938964844,330.8999938964844,321.4200134277344,321.6600036621094,94255000,TSLA
2025-07-21,328.489990234375,338.0,326.8800048828125,334.3999938964844,75768800,TSLA
2025-07-22,332.1099853515625,335.4100036621094,321.54998779296875,329.739990234375,77370400,TSLA
2025-07-23,332.55999755859375,336.20001220703125,328.6700134277344,330.8999938964844,92553800,TSLA
2025-07-24,305.29998779296875,310.1499938964844,300.4100036621094,310.0,156966000,TSLA
2025-07-25,316.05999755859375,323.6300048828125,308.010009765625,308.739990234375,148227000,TSLA
2025-07-28,325.5899963378906,330.489990234375,315.69000244140625,318.45001220703125,112673800,TSLA
2025-07-29,321.20001220703125,326.25,318.25,325.54998779296875,87358900,TSLA
2025-07-30,319.0400085449219,324.45001220703125,311.6199951171875,322.17999267578125,83931900,TSLA
2025-07-31,308.2699890136719,321.3699951171875,306.1000061035156,319.6099853515625,85270900,TSLA
2025-08-01,302.6300048828125,309.30999755859375,297.82000732421875,306.2099914550781,89121400,TSLA
2025-08-04,309.260009765625,312.1199951171875,303.0,309.0799865722656,78683900,TSLA
2025-08-05,308.7200012207031,312.45001220703125,305.5,308.95001220703125,57961300,TSLA
2025-08-06,319.9100036621094,320.4700012207031,306.92999267578125,307.8900146484375,78523600,TSLA
2025-08-07,322.2699890136719,322.3999938964844,316.1600036621094,319.7900085449219,66658700,TSLA
2025-08-08,329.6499938964844,335.1499938964844,320.9800109863281,321.42999267578125,91200300,TSLA
2025-08-11,339.0299987792969,346.6400146484375,334.1499938964844,335.0,105320200,TSLA
2025-08-12,340.8399963378906,345.260009765625,332.94000244140625,345.0,80522100,TSLA
2025-08-13,339.3800048828125,348.9800109863281,338.20001220703125,341.5,67838900,TSLA
2025-08-14,335.5799865722656,340.4700012207031,330.3999938964844,335.760009765625,75000700,TSLA
2025-08-15,330.55999755859375,339.29998779296875,327.0199890136719,337.6600036621094,74319800,TSLA
2025-08-18,335.1600036621094,336.2699890136719,329.5899963378906,329.6199951171875,56956600,TSLA
2025-08-19,329.30999755859375,340.54998779296875,327.8500061035156,335.7900085449219,75956000,TSLA
2025-08-20,323.8999938964844,331.3699951171875,314.6000061035156,329.2200012207031,77481800,TSLA
2025-08-21,320.1099853515625,324.8999938964844,318.67999267578125,322.0799865722656,55744400,TSLA
2025-08-22,340.010009765625,340.25,319.69000244140625,321.6600036621094,94016300,TSLA
2025-08-25,346.6000061035156,349.5299987792969,335.0299987792969,338.8999938964844,86670000,TSLA
2025-08-26,351.6700134277344,351.8999938964844,343.7200012207031,344.92999267578125,76651600,TSLA
2025-08-27,349.6000061035156,355.3900146484375,349.1600036621094,351.94000244140625,65519000,TSLA
2025-08-28,345.9800109863281,353.54998779296875,340.260009765625,350.9100036621094,67903200,TSLA
2025-08-29,333.8699951171875,348.75,331.70001220703125,347.2300109863281,81145700,TSLA
2025-09-02,329.3599853515625,333.3299865722656,325.6000061035156,328.2300109863281,58392000,TSLA
2025-09-03,334.0899963378906,343.3299865722656,328.510009765625,335.20001220703125,88733300,TSLA
2025-09-04,338.5299987792969,338.8900146484375,331.4800109863281,336.1499938964844,60711000,TSLA
2025-09-05,350.8399963378906,355.8699951171875,344.67999267578125,348.0,108989800,TSLA
2025-09-08,346.3999938964844,358.44000244140625,344.8399963378906,354.6400146484375,75208300,TSLA
2025-09-09,346.9700012207031,350.7699890136719,343.82000732421875,348.44000244140625,53816000,TSLA
2025-09-10,347.7900085449219,356.3299865722656,346.07000732421875,350.54998779296875,72121700,TSLA
2025-09-11,368.80999755859375,368.989990234375,347.6000061035156,350.1700134277344,103756000,TSLA
2025-09-12,395.94000244140625,396.69000244140625,370.239990234375,370.94000244140625,168156400,TSLA
2025-09-15,410.0400085449219,425.70001220703125,402.42999267578125,423.1300048828125,163823700,TSLA
2025-09-16,421.6199951171875,423.25,411.42999267578125,414.5,104285700,TSLA
2025-09-17,425.8599853515625,428.30999755859375,409.6700134277344,415.75,106133500,TSLA
2025-09-18,416.8500061035156,432.2200012207031,416.55999755859375,428.8699951171875,90454500,TSLA
2025-09-19,426.07000732421875,429.4700012207031,421.7200012207031,421.82000732421875,93131000,TSLA
2025-09-22,434.2099914550781,444.9800109863281,429.1300048828125,431.1099853515625,97108800,TSLA
2025-09-23,425.8500061035156,440.9700012207031,423.7200012207031,439.8800048828125,83422700,TSLA
2025-09-24,442.7900085449219,444.2099914550781,429.0299987792969,429.8299865722656,93133600,TSLA
2025-09-25,423.3900146484375,435.3500061035156,419.0799865722656,435.239990234375,96746400,TSLA
2025-09-26,440.3999938964844,440.4700012207031,421.0199890136719,428.29998779296875,101628200,TSLA
2025-09-29,443.2099914550781,450.9800109863281,439.5,444.3500061035156,79491500,TSLA
2025-09-30,444.7200012207031,445.0,433.1199951171875,441.5199890136719,74358000,TSLA
2025-10-01,459.4599914550781,462.2900085449219,440.75,443.79998779296875,98122300,TSLA
2025-10-02,436.0,470.75,435.57000732421875,470.5400085449219,137009000,TSLA
2025-10-03,429.8299865722656,446.7699890136719,416.5799865722656,443.2900085449219,133188200,TSLA
2025-10-06,453.25,453.54998779296875,436.69000244140625,440.75,85324900,TSLA
2025-10-07,433.0899963378906,452.67999267578125,432.45001220703125,447.82000732421875,102296100,TSLA
2025-10-08,438.69000244140625,441.3299865722656,425.2300109863281,437.57000732421875,71192100,TSLA
2025-10-09,435.5400085449219,436.3500061035156,426.17999267578125,431.80999755859375,69339900,TSLA
2025-10-10,413.489990234375,443.1300048828125,411.45001220703125,436.5400085449219,112107900,TSLA
2025-10-13,435.8999938964844,436.8900146484375,419.70001220703125,423.5299987792969,79552800,TSLA
2025-10-14,429.239990234375,434.20001220703125,417.8599853515625,426.7900085449219,72669400,TSLA
2025-10-15,435.1499938964844,440.510009765625,426.3299865722656,434.8999938964844,71558200,TSLA
2025-10-16,428.75,439.3500061035156,421.30999755859375,434.7300109863281,77189900,TSLA
2025-10-17,439.30999755859375,441.4599914550781,423.6000061035156,425.5,89331600,TSLA
2025-10-20,447.42999267578125,449.79998779296875,440.6099853515625,443.8699951171875,63719000,TSLA
2025-10-21,442.6000061035156,449.29998779296875,442.04998779296875,445.760009765625,54412200,TSLA
2025-10-22,438.9700012207031,445.5400085449219,429.0,443.45001220703125,84023500,TSLA
2025-10-23,448.9800109863281,449.3999938964844,413.8999938964844,420.0,126709800,TSLA
2025-10-24,433.7200012207031,451.67999267578125,430.1700134277344,446.8299865722656,94727800,TSLA
2025-10-27,452.4200134277344,460.1600036621094,438.69000244140625,439.9800109863281,105867500,TSLA
2025-10-28,460.54998779296875,467.0,451.6000061035156,454.7799987792969,80185700,TSLA
2025-10-29,461.510009765625,465.70001220703125,452.6499938964844,462.5,67983500,TSLA
2025-10-30,440.1000061035156,455.05999755859375,439.6099853515625,451.04998779296875,72447900,TSLA
2025-10-31,456.55999755859375,458.0,443.69000244140625,446.75,83135800,TSLA
2025-11-03,468.3699951171875,474.07000732421875,453.79998779296875,455.989990234375,84595200,TSLA
2025-11-04,444.260009765625,460.2200012207031,443.6000061035156,454.4599914550781,87756600,TSLA
2025-11-05,462.07000732421875,466.3299865722656,440.7099914550781,452.04998779296875,85573000,TSLA
2025-11-06,445.9100036621094,467.45001220703125,435.0899963378906,461.9599914550781,109622900,TSLA
2025-11-07,429.5199890136719,439.3599853515625,421.8800048828125,437.9200134277344,103471500,TSLA
2025-11-10,445.2300109863281,449.6700134277344,433.3599853515625,439.6000061035156,76515900,TSLA
2025-11-11,439.6199951171875,442.489990234375,432.3599853515625,439.3999938964844,60533200,TSLA
2025-11-12,430.6000061035156,442.3299865722656,426.55999755859375,442.1499938964844,58513500,TSLA
2025-11-13,401.989990234375,424.5,396.3399963378906,423.1300048828125,118948000,TSLA
2025-11-14,404.3500061035156,412.19000244140625,382.7799987792969,386.29998779296875,105506700,TSLA
2025-11-17,408.9200134277344,423.9599914550781,398.739990234375,398.739990234375,102214300,TSLA
2025-11-18,401.25,408.8999938964844,393.7099914550781,405.3800048828125,80688600,TSLA
2025-11-19,403.989990234375,411.7799987792969,398.5,406.17999267578125,72047700,TSLA
2025-11-20,395.2300109863281,428.94000244140625,394.739990234375,414.6300048828125,113548800,TSLA
2025-11-21,391.0899963378906,402.79998779296875,383.760009765625,402.32000732421875,100460600,TSLA
2025-11-24,417.7799987792969,421.7200012207031,401.0899963378906,402.1700134277344,96806400,TSLA
2025-11-25,419.3999938964844,420.4800109863281,405.95001220703125,414.4200134277344,71915600,TSLA
2025-11-26,426.5799865722656,426.94000244140625,416.8900146484375,423.95001220703125,63463000,TSLA
2025-11-28,430.1700134277344,432.92999267578125,426.20001220703125,426.5899963378906,36252900,TSLA
2025-12-01,430.1400146484375,433.6600036621094,425.2900085449219,425.32000732421875,57463600,TSLA
2025-12-02,429.239990234375,436.79998779296875,422.1199951171875,430.80999755859375,69336600,TSLA
2025-12-03,446.739990234375,447.9200134277344,431.1099853515625,432.1000061035156,87483000,TSLA
2025-12-04,454.5299987792969,454.6300048828125,445.3900146484375,449.94000244140625,71906500,TSLA
2025-12-05,455.0,458.8699951171875,451.6600036621094,453.0299987792969,56427500,TSLA
2025-12-08,439.5799865722656,449.75,435.25,447.45001220703125,69165800,TSLA
2025-12-09,445.1700134277344,452.3900146484375,435.70001220703125,437.5400085449219,62367400,TSLA
2025-12-10,451.45001220703125,456.8800048828125,443.6099853515625,446.07000732421875,63257500,TSLA
2025-12-11,446.8900146484375,449.2699890136719,440.3299865722656,448.95001220703125,55979500,TSLA
2025-12-12,458.9599914550781,463.010009765625,441.6700134277344,448.0899963378906,95656700,TSLA
2025-12-15,475.30999755859375,481.7699890136719,467.6600036621094,469.44000244140625,114542200,TSLA
2025-12-16,489.8800048828125,491.5,465.8299865722656,472.2099914550781,107608100,TSLA
2025-12-17,467.260009765625,495.2799987792969,466.20001220703125,488.2200012207031,106490400,TSLA
2025-12-18,483.3699951171875,490.8599853515625,473.1199951171875,478.1600036621094,95168400,TSLA
2025-12-19,481.20001220703125,490.489990234375,474.7200012207031,488.1199951171875,103305400,TSLA
2025-12-22,488.7300109863281,498.8299865722656,485.3299865722656,489.8800048828125,86916100,TSLA
2025-12-23,485.55999755859375,491.9700012207031,482.8399963378906,489.3999938964844,58223600,TSLA
2025-12-24,485.3999938964844,490.8999938964844,476.79998779296875,488.4800109863281,41285400,TSLA
2025-12-26,475.19000244140625,489.0899963378906,473.82000732421875,485.2300109863281,58780700,TSLA
2025-12-29,459.6400146484375,469.3999938964844,459.0,469.0,66263000,TSLA
2025-12-30,454.42999267578125,463.1199951171875,453.8299865722656,461.0899963378906,59238500,TSLA
2025-12-31,449.7200012207031,456.54998779296875,449.29998779296875,456.1000061035156,49078000,TSLA
2026-01-02,438.07000732421875,458.3399963378906,435.29998779296875,457.79998779296875,85535400,TSLA
2026-01-05,451.6700134277344,457.54998779296875,444.57000732421875,447.989990234375,67940800,TSLA
2026-01-06,432.9599914550781,448.25,428.7799987792969,446.3800048828125,89093800,TSLA
2026-01-07,431.4100036621094,438.3699951171875,431.2900085449219,435.8999938964844,59828800,TSLA
2026-01-08,435.79998779296875,436.8900146484375,424.3699951171875,427.8900146484375,57041100,TSLA
2026-01-09,445.010009765625,449.04998779296875,430.3900146484375,435.95001220703125,67331500,TSLA
2026-01-12,448.9599914550781,454.29998779296875,438.0,441.2300109863281,61649600,TSLA
2026-01-13,447.20001220703125,451.80999755859375,443.95001220703125,450.20001220703125,53719200,TSLA
2026-01-14,439.20001220703125,443.9100036621094,434.2200012207031,442.80999755859375,57259500,TSLA
2026-01-15,438.57000732421875,445.3599853515625,437.6499938964844,441.1300048828125,49465800,TSLA
2026-01-16,437.5,447.25,435.260009765625,439.5,60220600,TSLA
2026-01-20,419.25,430.7300109863281,417.44000244140625,429.3599853515625,63187300,TSLA
2026-01-21,431.44000244140625,438.20001220703125,419.6199951171875,421.6600036621094,68124000,TSLA
2026-01-22,449.3599853515625,449.5,432.6300048828125,435.1600036621094,71546700,TSLA
2026-01-23,449.05999755859375,452.42999267578125,444.0400085449219,447.42999267578125,56771400,TSLA
2026-01-26,435.20001220703125,445.0400085449219,434.2799987792969,445.0,49397400,TSLA
2026-01-27,430.8999938964844,437.5199890136719,430.69000244140625,437.4100036621094,37733100,TSLA
2026-01-28,431.4599914550781,438.260009765625,430.1000061035156,431.9100036621094,54857400,TSLA
2026-01-29,416.55999755859375,440.2300109863281,414.6199951171875,437.79998779296875,81686100,TSLA
2026-01-30,430.4100036621094,439.8800048828125,422.70001220703125,425.3500061035156,82626100,TSLA
2026-02-02,421.80999755859375,427.1499938964844,414.5,421.2900085449219,58739500,TSLA
2026-02-03,421.9599914550781,428.55999755859375,413.69000244140625,424.2699890136719,56886500,TSLA
2026-02-04,406.010009765625,423.8999938964844,399.17999267578125,420.4599914550781,74606900,TSLA
2026-02-05,397.2099914550781,402.1000061035156,387.5299987792969,397.0199890136719,72819800,TSLA
2026-02-06,411.1099853515625,414.54998779296875,397.75,400.8699951171875,62677100,TSLA
2026-02-09,417.32000732421875,421.25,407.2900085449219,409.9100036621094,54484300,TSLA
2026-02-10,425.2099914550781,427.25,417.0,418.0799865722656,64450200,TSLA
2026-02-11,428.2699890136719,436.3500061035156,420.0299987792969,427.9599914550781,57362000,TSLA
2026-02-12,417.07000732421875,436.2300109863281,414.0,430.29998779296875,61933400,TSLA
2026-02-13,417.44000244140625,424.05999755859375,410.8800048828125,414.30999755859375,51434100,TSLA
2026-02-17,410.6300048828125,413.7200012207031,400.510009765625,412.3599853515625,59678800,TSLA
2026-02-18,411.32000732421875,416.8999938964844,409.5799865722656,411.1099853515625,45921400,TSLA
2026-02-19,411.7099914550781,415.25,404.1099853515625,407.25,51019600,TSLA
2026-02-20,411.82000732421875,414.70001220703125,405.5,408.29998779296875,57912200,TSLA
2026-02-23,399.8299865722656,407.70001220703125,394.0400085449219,407.2900085449219,69680000,TSLA
2026-02-24,409.3800048828125,410.82000732421875,397.6400146484375,399.5,58579500,TSLA
2026-02-25,417.3999938964844,420.3399963378906,412.1499938964844,412.1499938964844,54809700,TSLA
2026-02-26,408.5799865722656,416.80999755859375,403.6600036621094,414.4200134277344,53602500,TSLA
2026-02-27,402.510009765625,407.1199951171875,398.1099853515625,402.94000244140625,56890100,TSLA
2026-03-02,403.32000732421875,404.5400085449219,388.25,390.6000061035156,55088300,TSLA
2026-03-03,392.42999267578125,396.3399963378906,385.3900146484375,395.0899963378906,62617300,TSLA
2026-03-04,405.94000244140625,408.3299865722656,394.5799865722656,397.8500061035156,68305500,TSLA
2026-03-05,405.54998779296875,408.6199951171875,399.4200134277344,401.57000732421875,51925900,TSLA
2026-03-06,396.7300109863281,402.3500061035156,394.2099914550781,398.0899963378906,64054600,TSLA
2026-03-09,398.67999267578125,401.5899963378906,381.3999938964844,390.04998779296875,67018900,TSLA
2026-03-10,399.239990234375,406.5899963378906,398.19000244140625,402.2200012207031,59258700,TSLA
2026-03-11,407.82000732421875,416.3800048828125,402.1499938964844,402.2799987792969,62559900,TSLA
2026-03-12,395.010009765625,406.5,394.6499938964844,405.17999267578125,60973800,TSLA
2026-03-13,391.20001220703125,400.20001220703125,389.95001220703125,399.1700134277344,58504100,TSLA
2026-03-16,395.55999755859375,403.7300109863281,394.4200134277344,396.2200012207031,58068300,TSLA
2026-03-17,399.2699890136719,400.1199951171875,393.0,395.69000244140625,46890500,TSLA
2026-03-18,392.7799987792969,403.07000732421875,392.30999755859375,399.0,50853100,TSLA
2026-03-19,380.29998779296875,387.2699890136719,378.7300109863281,387.2699890136719,67078300,TSLA
2026-03-20,367.9599914550781,379.8900146484375,364.4599914550781,379.8500061035156,78628600,TSLA
2026-03-23,380.8500061035156,385.3299865722656,372.7300109863281,373.0899963378906,74606000,TSLA
2026-03-24,383.0299987792969,387.4800109863281,376.30999755859375,376.55999755859375,60004900,TSLA
2026-03-25,385.95001220703125,396.2300109863281,385.010009765625,389.989990234375,55157300,TSLA
2026-03-26,372.1099853515625,384.44000244140625,371.8699951171875,381.6000061035156,55522900,TSLA
2026-03-27,361.8299865722656,369.8599853515625,359.4700012207031,369.69000244140625,62065700,TSLA
2026-03-30,355.2799987792969,367.2900085449219,352.1400146484375,365.8599853515625,67954400,TSLA
2026-03-31,371.75,373.3299865722656,361.0,361.510009765625,75534900,TSLA
2026-04-01,381.260009765625,383.1400146484375,374.0799865722656,378.6300048828125,58683800,TSLA
2026-04-02,360.5899963378906,370.2799987792969,359.0299987792969,364.20001220703125,83031200,TSLA
2026-04-06,352.82000732421875,367.7200012207031,346.6400146484375,362.5899963378906,77697600,TSLA
2026-04-07,346.6499938964844,348.0199890136719,337.239990234375,346.44000244140625,74515400,TSLA
2026-04-08,343.25,364.5,339.6700134277344,363.7900085449219,78838600,TSLA
2026-04-09,345.6199951171875,348.8800048828125,337.25,343.1499938964844,62164000,TSLA
2026-04-10,348.95001220703125,350.3599853515625,342.739990234375,346.2900085449219,51336000,TSLA
2026-04-13,352.4200134277344,356.3500061035156,348.57000732421875,350.07000732421875,53617500,TSLA
2026-04-14,364.20001220703125,367.6300048828125,354.7699890136719,357.6700134277344,59979600,TSLA
2026-04-15,391.95001220703125,394.6499938964844,362.5,366.8299865722656,113810400,TSLA
2026-04-16,388.8999938964844,394.05999755859375,381.79998779296875,393.80999755859375,63515100,TSLA
2026-04-17,400.6199951171875,409.2799987792969,391.6499938964844,395.9200134277344,90640000,TSLA
2026-04-20,392.5,406.79998779296875,388.3299865722656,402.5799865722656,64603900,TSLA
2026-04-21,386.4200134277344,393.95001220703125,385.2200012207031,393.0,50530600,TSLA
2026-04-22,387.510009765625,393.010009765625,385.29998779296875,387.57000732421875,62362800,TSLA
2026-04-23,373.7200012207031,386.0,368.3900146484375,375.2799987792969,93969500,TSLA
2026-04-24,376.29998779296875,382.760009765625,370.7300109863281,373.5,62893300,TSLA
2026-04-27,378.6700134277344,380.7799987792969,364.0199890136719,372.0899963378906,66735800,TSLA
2026-04-28,376.0199890136719,382.2900085449219,372.5400085449219,374.67999267578125,50864400,TSLA
2026-04-29,372.79998779296875,376.3999938964844,370.0400085449219,375.3999938964844,45384800,TSLA
2026-04-30,381.6300048828125,384.75,368.1700134277344,372.75,51076000,TSLA
2026-05-01,390.82000732421875,397.82000732421875,378.79998779296875,382.489990234375,65338300,TSLA
2026-05-04,392.510009765625,394.6400146484375,384.79998779296875,390.2300109863281,48765100,TSLA
2026-05-05,389.3699951171875,402.1199951171875,389.0,395.19000244140625,47780600,TSLA
2026-05-06,398.7300109863281,401.67999267578125,384.0199890136719,386.25,53465400,TSLA
2026-05-07,411.7900085449219,415.8299865722656,402.1199951171875,407.4800109863281,64294200,TSLA
2026-05-08,428.3500061035156,431.20001220703125,416.3900146484375,416.4800109863281,65050000,TSLA
2025-01-02,414.568603515625,421.9868450538027,410.8743686174563,421.45201157982797,16896500,MSFT
2025-01-03,419.29290771484375,419.9663838035234,415.5194225803269,417.0446425061394,16662900,MSFT
2025-01-06,423.7497863769531,430.15778356293015,421.4025036603563,423.8983428352595,20573600,MSFT
2025-01-07,418.3222961425781,426.52294519780327,416.7673346717813,424.88876369017254,18139100,MSFT
2025-01-08,420.49127197265625,422.87817962096636,417.50022470253026,419.40180766065134,15054600,MSFT
2025-01-10,414.9350280761719,420.6398068835906,411.0426680414125,420.5605868581897,20201100,MSFT
2025-01-13,413.19195556640625,414.489399057034,408.3389196630922,411.26063086426467,17604800,MSFT
2025-01-14,411.6864929199219,415.7174656234234,406.783918522941,413.80596878606093,16935900,MSFT
2025-01-15,422.2244873046875,424.04685017409594,414.2615295855494,415.1133035563719,19637800,MSFT
2025-01-16,420.5110778808594,425.3740271428382,420.3229265289763,424.5916197701724,15300000,MSFT
2025-01-17,424.91845703125,430.31623990051855,424.06671321451194,429.9299628963343,26197500,MSFT
2025-01-21,424.3935546875,426.770548715405,421.52135231106814,426.07727516253885,26085700,MSFT
2025-01-22,441.9239196777344,442.98364251820686,431.82165779523024,433.366705345479,27803800,MSFT
2025-01-23,442.4289855957031,442.46861072225846,437.26892363486763,437.7641319289048,18389300,MSFT
2025-01-24,439.804443359375,442.3696190202124,437.16993127456703,440.8939077892008,15549500,MSFT
2025-01-27,430.39544677734375,431.0293279263355,419.4414413066827,419.9465634582157,35647800,MSFT
2025-01-28,442.9143371582031,444.08302154903276,427.24593852989443,430.43508134605355,23491700,MSFT
2025-01-29,438.0909423828125,442.5973558524787,436.17944568172504,442.4091742886292,23581400,MSFT
2025-01-30,411.01300048828125,418.8075747745586,409.20055129765046,414.75677425796516,54586300,MSFT
2025-01-31,411.08233642578125,416.6583870568431,410.933779971825,414.964783031506,34161900,MSFT
2025-02-03,406.98199462890625,411.4289554040879,404.74364348455,407.6554706497357,25679100,MSFT
2025-02-04,408.4181213378906,409.9532853263689,405.81332063447735,408.73506192939664,20532100,MSFT
2025-02-05,409.3293151855469,409.8641184268012,406.4669964929513,408.39832109505767,16316700,MSFT
2025-02-06,411.8350524902344,414.19224891795665,410.0324869601977,410.0324869601977,16309800,MSFT
2025-02-07,405.8232116699219,414.63791357819275,404.1890302854019,412.48872643025265,22886800,MSFT
2025-02-10,408.2695617675781,411.47850211303046,406.9820321839411,409.74527293691693,20817900,MSFT
2025-02-11,407.49700927734375,408.53693461973535,405.37750324031913,405.71427148321067,18140600,MSFT
2025-02-12,405.1200256347656,406.813629604169,400.4947666868975,403.30754628100544,19121700,MSFT
2025-02-13,406.6056823730469,407.06126559413343,402.4657175766924,403.09959877569906,23891700,MSFT
2025-02-14,404.5158386230469,404.99124946496545,401.99028842093395,403.88198772560423,22758500,MSFT
2025-02-18,405.7142639160156,406.6650553734785,402.6043413346739,404.08996621044764,21423100,MSFT
2025-02-19,410.7951354980469,411.5082367513966,403.7433732288774,403.97117995741957,24114200,MSFT
2025-02-20,412.9684753417969,416.1243081620841,409.4057538443196,412.1348608394034,23508700,MSFT
2025-02-21,405.1086730957031,414.87391143663706,404.79112726813156,414.16931404241177,27524800,MSFT
2025-02-24,400.9306335449219,406.25983043716724,396.2861968407472,405.4063787741937,26443700,MSFT
2025-02-25,394.876953125,398.8664306026397,393.6860882830661,398.05265327493277,29387400,MSFT
2025-02-26,396.6930847167969,400.53367776380867,391.25470780563023,394.9861511086002,19619000,MSFT
2025-02-27,389.54779052734375,402.6574203650982,389.19054012926085,398.22137954122604,21127400,MSFT
2025-02-28,393.973876953125,394.6090291195634,383.6330593862238,389.67678725566606,32845700,MSFT
2025-03-03,385.5384521484375,395.7899873220531,383.2261675615013,395.7899873220531,23007700,MSFT
2025-03-04,385.65753173828125,389.59737098453536,378.10536303990614,380.48712304915495,29342900,MSFT
2025-03-05,397.9732360839844,398.61832193178543,385.8560101474748,386.3819822563368,23433100,MSFT
2025-03-06,393.8746643066406,399.09468114787944,389.6966277473878,391.28447789138556,23304600,MSFT
2025-03-07,390.32183837890625,391.80050846371955,382.61088158953936,389.33936956128906,22034100,MSFT
2025-03-10,377.2717590332031,383.4643412864511,374.3540930979484,382.90859827837613,32840100,MSFT
2025-03-11,377.5595703125,383.0673924681545,374.0464567305875,376.1205744700273,30380200,MSFT
2025-03-12,380.3581237792969,382.2933209136247,376.0709676751301,380.0405779726452,24253600,MSFT
2025-03-13,375.8923034667969,382.3925583494832,374.58235511618193,380.2489652043101,20473000,MSFT
2025-03-14,385.6079406738281,387.2652662935844,376.6267095180303,376.8946473094157,19952800,MSFT
2025-03-17,385.74688720703125,389.7264008785539,382.6406623483486,383.7620820869245,22474300,MSFT
2025-03-18,380.6062316894531,384.4269877309022,378.2046343736099,384.1292790671939,19486900,MSFT
2025-03-19,384.8735656738281,386.719419886704,381.0825806498319,382.60095534567967,19185500,MSFT
2025-03-20,383.9010314941406,388.81343664918575,380.3680805381929,382.80938253905003,18470500,MSFT
2025-03-21,388.28741455078125,388.76374837124365,379.8916675364793,380.30848991510493,39675900,MSFT
2025-03-24,390.09356689453125,392.39594799568545,386.8484215764684,392.39594799568545,21004500,MSFT
2025-03-25,392.1578063964844,393.34867131877104,389.65696280253144,390.9272368910712,15775000,MSFT
2025-03-26,387.0072326660156,392.30665877239477,385.61787512073846,391.99901639757354,16108400,MSFT
2025-03-27,387.6125793457031,389.259971232933,384.4567464670721,387.1660163642304,13766800,MSFT
2025-03-28,375.9220886230469,386.1736243280803,374.0663006272135,385.13158343812927,21632000,MSFT
2025-03-31,372.5379943847656,374.20522334023684,364.449889664545,369.7096411618319,35184700,MSFT
2025-04-01,379.2863464355469,379.9413357760227,370.3944277527412,371.80362246362756,19689500,MSFT
2025-04-02,379.2367248535156,382.1543604865691,373.7586433966847,375.0983928958324,16092600,MSFT
2025-04-03,370.2752990722656,374.61212363444304,366.54388609690864,371.9425583652147,30198000,MSFT
2025-04-04,357.10614013671875,371.74407816646067,356.74888974568233,361.363555677575,49209900,MSFT
2025-04-07,355.1412048339844,368.1813904507078,342.1705249584387,348.21425358249337,50425000,MSFT
2025-04-08,351.8662414550781,370.8112022714622,347.5889889390993,365.46216834014683,35868900,MSFT
2025-04-09,387.52325439453125,390.24245792204835,350.41733953240174,350.85399906862426,50199700,MSFT
2025-04-10,378.45269775390625,380.983312003396,365.00562576710445,379.1572950457799,38024400,MSFT
2025-04-11,385.498779296875,387.0865991344375,376.0114134245454,377.7481178718862,23839200,MSFT
2025-04-14,384.8636474609375,391.651677567929,381.29099206627785,390.23254912743425,19251200,MSFT
2025-04-15,382.7994384765625,388.9126416904877,381.24135923720473,385.5583162962043,17199900,MSFT
2025-04-16,368.78668212890625,378.7107072268867,365.20412360568145,377.77787673053996,21967800,MSFT
2025-04-17,364.9858093261719,371.4761304955969,364.10258680355696,370.9104537724408,21120200,MSFT
2025-04-21,356.3916320800781,361.7109259917268,352.9678611353571,360.06353397111536,20807300,MSFT
2025-04-22,364.0331115722656,364.9758758256959,357.12596800122816,360.6192443688487,19485000,MSFT
2025-04-23,371.5456237792969,377.50003937654276,370.18600677791767,373.20291916052497,20545500,MSFT
2025-04-24,384.35748291015625,385.49877003384853,372.33950296048084,372.8456379358323,22232300,MSFT
2025-04-25,388.8729553222656,389.1805976978566,381.67803664886475,384.05979677325973,18973200,MSFT
2025-04-28,388.1882019042969,389.7561846754867,383.7025530868883,388.9821118643913,16579400,MSFT
2025-04-29,391.0462951660156,392.0982394081848,387.41409832984397,388.3270916828822,14974000,MSFT
2025-04-30,392.2570495605469,393.6464071015826,381.5192464831796,387.3347110069874,36461100,MSFT
2025-05-01,422.16802978515625,433.669971462135,421.67182852064957,427.8346397458207,58938100,MSFT
2025-05-02,431.9729919433594,436.1013902925972,426.7231738378541,428.4598783453456,30757400,MSFT
2025-05-05,432.85626220703125,436.1609495915282,428.8270797245025,429.58131540385136,20136100,MSFT
2025-05-06,430.0179443359375,434.4043769104007,427.8942186382879,428.91639204817295,15104200,MSFT
2025-05-07,430.0576477050781,434.79139692835327,427.83464541633373,430.54391525930873,23295300,MSFT
2025-05-08,434.841064453125,440.2992788018954,432.35012421343623,434.6028672327044,23491300,MSFT
2025-05-09,435.3967590332031,437.3914674607305,432.5684058555715,436.6570993033328,15324200,MSFT
2025-05-12,445.8467712402344,445.9559209816134,436.43878433354007,442.551987565255,22821900,MSFT
2025-05-13,445.7276916503906,447.24606632617565,441.9763809723924,444.37800844651383,23618800,MSFT
2025-05-14,449.4988098144531,450.45150777480933,444.73528972695,444.73528972695,19902800,MSFT
2025-05-15,450.512939453125,453.55526390744575,447.82852124457236,448.16655392379437,21992300,MSFT
2025-05-16,451.6463623046875,451.735838870633,446.13838030321216,449.4391826540583,23849800,MSFT
2025-05-19,456.2197570800781,456.9355998797858,448.1963586877965,448.27591363294266,21336500,MSFT
2025-05-20,455.5238342285156,455.69283539558984,451.69606398891386,452.9587181303489,15441800,MSFT
2025-05-21,449.9561462402344,455.1360468945702,449.2005259832327,451.944595050179,19216900,MSFT
2025-05-22,452.2329406738281,457.5918252828005,451.27849365115543,452.32244757902833,18025600,MSFT
2025-05-23,447.5799865722656,451.06972434232773,446.3173323563206,447.38115987330883,16883500,MSFT
2025-05-27,458.02923583984375,458.2877438900054,453.48562310372705,453.8435596609756,20974300,MSFT
2025-05-28,454.718505859375,459.8487079553447,454.29099660337516,458.5562282330538,17086300,MSFT
2025-05-29,456.0308837890625,459.05333474747385,452.68035209769624,458.884303233251,13974800,MSFT
2025-05-30,457.7011413574219,459.0135248792732,452.90900269221845,457.0648535034259,34770500,MSFT
2025-06-02,459.3018798828125,459.44105553120437,454.2512329224997,454.49978904014216,16626500,MSFT
2025-06-03,460.2961120605469,461.4593680607732,458.1982826150306,458.8047753297213,15743800,MSFT
2025-06-04,461.1908874511719,463.00038321907994,460.3457906064832,461.3201414833542,14162700,MSFT
2025-06-05,464.9788818359375,466.93750520910584,461.3499686746429,462.2745901279283,20131700,MSFT
2025-06-06,467.6632995605469,470.6061954238558,466.0725343793748,467.37496597576217,15285600,MSFT
2025-06-09,470.0196228027344,470.69568816704816,465.9134708467471,466.98725027602023,16469900,MSFT
2025-06-10,468.2001953125,470.06931180763127,464.26304461137784,468.4686249933991,15375900,MSFT
2025-06-11,469.8903503417969,472.72389606625393,466.9474544926898,467.30536072753216,16399200,MSFT
2025-06-12,476.104248046875,477.6453141185156,470.7851412769109,472.2764779222473,18950600,MSFT
2025-06-13,472.2168273925781,476.4124557062983,470.0295518485209,473.6584649544854,16814500,MSFT
2025-06-16,476.3727111816406,477.91374692205306,472.25660744971805,472.4653860858625,15626100,MSFT
2025-06-17,475.279052734375,475.97499162724574,471.3419021646973,472.65428568792316,15414100,MSFT
2025-06-18,477.4663391113281,478.2219594008936,471.71972301658775,475.2392860574369,17526500,MSFT
2025-06-20,474.64276123046875,480.667759158903,474.1158234691147,479.44488246554124,37576200,MSFT
2025-06-23,483.19305419921875,484.9329468840925,469.78097686904323,475.4480376949825,24864000,MSFT
2025-06-24,487.2793273925781,489.009298556199,483.9884469122188,486.1260537385937,22305600,MSFT
2025-06-25,489.4268493652344,491.70363180611855,486.5635084927723,489.1981971647186,17495100,MSFT
2025-06-26,494.57696533203125,495.1635541172166,489.9637493151316,490.13278082199906,21578900,MSFT
2025-06-27,493.07568359375,496.4162632322767,490.1824867596744,494.6763704185467,34539200,MSFT
2025-06-30,494.5372009277344,497.86785899517616,492.4691970236715,494.1693427257206,28369000,MSFT
2025-07-01,489.2081298828125,495.17347659984546,488.14433277768,493.602615314542,19945400,MSFT
2025-07-02,488.2536926269531,490.6497772469701,485.87751191483574,487.1600396387865,16319600,MSFT
2025-07-03,495.9589538574219,497.2415119784696,490.59014753996934,490.9580057562307,13984800,MSFT
2025-07-07,494.84539794921875,495.8694479262707,492.36978876052433,494.50736527479916,13981600,MSFT
2025-07-08,493.7517395019531,495.3226311177228,491.25622643335066,494.36815380384166,11846600,MSFT
2025-07-09,500.6019592285156,503.8530622357068,496.85371365827956,497.41047691930333,18659500,MSFT
2025-07-10,498.58367919921875,501.52657502305914,494.87521114411277,500.14458849842043,16492100,MSFT
2025-07-11,500.4130554199219,502.1131707269345,494.9249170598048,495.59106078877636,16459500,MSFT
2025-07-14,500.1147766113281,501.05930198422453,498.1362796464767,498.6234399223271,12058800,MSFT
2025-07-15,502.89862060546875,505.36427783294863,499.88612172349406,500.11477392946824,14927200,MSFT
2025-07-16,502.6997375488281,503.7933904598671,498.99129994586445,502.26227638441253,15154400,MSFT
2025-07-17,508.7446594238281,510.40499725185873,502.6997578215743,502.75940886082554,17503100,MSFT
2025-07-18,507.10418701171875,511.6677041033988,504.499323712682,511.50859420333654,21209700,MSFT
2025-07-21,507.1141052246094,509.132409924825,502.630143381304,503.7834473494323,14066800,MSFT
2025-07-22,502.3517761230469,508.2475501614973,502.3517761230469,508.01886761548803,13868600,MSFT
2025-07-23,502.9483337402344,503.8630336136484,497.80821016060554,503.8232561388069,16396600,MSFT
2025-07-24,507.92938232421875,510.70324664183266,504.370041868975,505.83155299665924,16107000,MSFT
2025-07-25,510.74310302734375,515.2966076642933,507.41241445610984,509.51021364184703,19125700,MSFT
2025-07-28,509.5400390625,512.0256002286585,507.17377997770546,511.110930710653,14308000,MSFT
2025-07-29,509.6096496582031,514.6304711522027,508.60547322287385,512.5525759685828,16469200,MSFT
2025-07-30,510.2757568359375,512.9701269930791,506.49771598970693,512.1946027794743,26380400,MSFT
2025-07-31,530.4187622070312,552.2420017670738,528.8280273057109,552.0232408256204,51617300,MSFT
2025-08-01,521.0830078125,532.7054950837879,517.8517780654563,531.9101275902764,28977600,MSFT
2025-08-04,532.54638671875,535.141297909759,525.0797515616827,525.218957545317,25349000,MSFT
2025-08-05,524.701904296875,534.196734767709,524.194840165689,534.077432699505,19171600,MSFT
2025-08-06,521.908203125,528.6291703469228,521.0034855448089,527.8338028961505,21355700,MSFT
2025-08-07,517.8319091796875,525.0400367197672,514.5608717763297,523.757448292983,16079100,MSFT
2025-08-08,519.0249633789062,521.629826851029,516.4101479520375,519.5817267008259,15531000,MSFT
2025-08-11,518.7565307617188,524.5429245664681,516.7183220142601,519.2834381856256,20194400,MSFT
2025-08-12,526.183349609375,527.9132904806338,519.6811434112465,520.7250669698358,18667000,MSFT
2025-08-13,517.5734252929688,529.6234217995657,516.3703917601634,529.0368026236954,19619200,MSFT
2025-08-14,519.4623413085938,522.9123315064297,517.1358902118243,519.5418962511537,20269100,MSFT
2025-08-15,517.1657104492188,523.0614541020369,516.0820397908819,519.7507304052322,25213300,MSFT
2025-08-18,514.1134033203125,519.8003983365775,511.0512359172718,518.5775217659684,23760600,MSFT
2025-08-19,506.8258056640625,512.1846598699071,505.61285057663105,512.0256106523992,21481000,MSFT
2025-08-20,502.7991943359375,508.0486982628479,501.52658824278717,506.925219770199,27723000,MSFT
2025-08-21,502.15185546875,505.5278315490841,500.6381609615915,501.6041452591809,18443300,MSFT
2025-08-22,505.1295166015625,508.6150227226763,500.32946944945456,502.1618461633245,24324200,MSFT
2025-08-25,502.17181396484375,506.0855321115255,502.0323791323648,504.5319946732823,21638600,MSFT
2025-08-26,499.96099853515625,502.88882606141556,496.4456179190968,502.2713680297872,30835700,MSFT
2025-08-27,504.6415100097656,505.1892506185915,497.82983904056124,499.9211487290224,17277900,MSFT
2025-08-28,507.5295104980469,508.9734875719172,503.4066403395377,504.9900522378754,18015600,MSFT
2025-08-29,504.59173583984375,507.4896888132377,502.40083415821226,506.5535790393771,20961600,MSFT
2025-09-02,503.0282287597656,503.90458943006223,494.75264396148896,498.3974910813857,18128000,MSFT
2025-09-03,503.2572937011719,505.68719181229375,500.2398424947412,501.70375627159575,16345100,MSFT
2025-09-04,505.866455078125,506.04570238922344,501.0664078062513,502.2116394820944,15509500,MSFT
2025-09-05,492.9501647949219,509.8498918622262,490.3310509759443,506.9619070760115,31994800,MSFT
2025-09-08,496.13690185546875,499.1244784694731,492.9800158612091,496.04724781279185,16771000,MSFT
2025-09-09,496.3460388183594,500.17013335375145,495.6389875077243,499.3535217605099,14410500,MSFT
2025-09-10,498.29791259765625,501.1460848531792,494.6630336933239,500.8971201283455,21611800,MSFT
2025-09-11,498.9352722167969,501.08633106619584,495.8182290284252,500.17012751524385,18881600,MSFT
2025-09-12,507.7884521484375,510.42747218178897,501.7635178992086,504.55191069082485,23624900,MSFT
2025-09-15,513.225830078125,513.3353599697668,504.9004642300766,506.68306017742736,17143800,MSFT
2025-09-16,506.9320068359375,515.0880630075219,506.4938265025834,514.7395367165727,19711900,MSFT
2025-09-17,507.9079284667969,509.1726886784055,503.8348693472275,508.5054498653079,15816600,MSFT
2025-09-18,506.3444519042969,510.9453149965379,505.55771489166153,509.37184097126715,18913700,MSFT
2025-09-19,515.78515625,517.1494779837726,508.1967168320822,508.44568153944795,52474100,MSFT
2025-09-22,512.319580078125,515.5959337012963,510.4174557013089,513.4548737162081,20009300,MSFT
2025-09-23,507.1212463378906,512.4590659268906,505.2091838485409,511.67229848312854,19799600,MSFT
2025-09-24,508.0373840332031,510.35772177145367,504.82077941210207,508.26644250853604,13533700,MSFT
2025-09-25,504.9303283691406,507.89799878212006,502.94857891661616,506.1950582100621,15786500,MSFT
2025-09-26,509.34197998046875,511.8117209714621,504.52202659403474,507.94778361103766,16213100,MSFT
2025-09-29,512.4689331054688,514.7096154882738,506.77264973451184,509.3817950243417,17617800,MSFT
2025-09-30,515.8051147460938,516.0142062084105,507.54943619028296,511.11459757878936,19728200,MSFT
2025-10-01,517.557861328125,518.3545363078492,509.5710533372991,512.6681599915194,22632300,MSFT
2025-10-02,513.604248046875,519.439966484546,508.5652045551738,515.496404228155,21222900,MSFT
2025-10-03,515.20751953125,518.3345307125708,512.8672756929882,514.9585548343116,15112300,MSFT
2025-10-06,526.3811645507812,528.8309994124726,516.0541122577388,516.4623876768178,21388600,MSFT
2025-10-07,521.8101196289062,527.6060256392368,519.2806599401652,526.1022689962125,14615200,MSFT
2025-10-08,522.676513671875,524.7678538085896,520.923853084141,521.1130687043808,13363400,MSFT
2025-10-09,520.2366943359375,522.158694647609,515.2574000210162,520.1769452354545,18343600,MSFT
2025-10-10,508.84405517578125,521.4118200258811,507.5195762105422,517.4881335274953,24133800,MSFT
2025-10-13,511.9212341308594,514.2714464494894,509.56105349845876,514.2714464494894,14284200,MSFT
2025-10-14,511.4432373046875,513.1461778212379,503.9045785101632,508.11707238992415,14684300,MSFT
2025-10-15,511.3038024902344,515.0482414945574,507.888013925759,512.8274957075639,14694700,MSFT
2025-10-16,509.4913330078125,514.7096236704256,506.02576365101777,510.4573477017149,15559600,MSFT
2025-10-17,511.4532470703125,513.3453425707617,505.2091921192977,506.93203901166436,19867800,MSFT
2025-10-20,514.6498413085938,516.5519656323323,511.30377036778043,512.4788764440519,14665600,MSFT
2025-10-21,515.5162963867188,516.5420602391357,510.91543308707116,515.3569857054445,15586200,MSFT
2025-10-22,518.3843994140625,523.0549803520576,515.5661623300699,518.9919195722497,18962700,MSFT
2025-10-23,518.404296875,521.7802730707533,516.4623598997719,520.2964530626382,14023500,MSFT
2025-10-24,521.441650390625,523.1744351060786,518.5536961256696,520.6250388201142,15532400,MSFT
2025-10-27,529.3189697265625,532.3662956890146,526.819354031342,529.577902779321,18734700,MSFT
2025-10-28,539.8252563476562,551.4269763883988,538.5306518978505,547.7224103521172,29986700,MSFT
2025-10-29,539.307373046875,544.0078586434945,534.507325873603,542.6833492925585,36023000,MSFT
2025-10-30,523.582763671875,532.7545848667123,519.9578228356851,528.2831883129468,41023100,MSFT
2025-10-31,515.6656494140625,527.1279940743384,512.9668501497666,526.6898137654194,34006400,MSFT
2025-11-03,514.888916015625,522.7860691817526,512.4590180581705,517.657371934483,22374700,MSFT
2025-11-04,512.2001342773438,513.4150529816625,505.73698923396887,509.6407695643784,20958700,MSFT
2025-11-05,505.0597839355469,512.6980347767452,504.4821687767013,511.17434154282535,23024300,MSFT
2025-11-06,495.04144287109375,503.6058351018555,493.75677643867937,503.5659922381216,27406500,MSFT
2025-11-07,494.7626037597656,497.31199999791255,491.2073803526309,494.89207027354036,24019800,MSFT
2025-11-10,503.9045715332031,504.7510576229119,496.73437575016374,497.9692613740871,26101500,MSFT
2025-11-11,506.573486328125,507.48968986721945,500.26971300797675,502.70954902224156,17980000,MSFT
2025-11-12,509.0233154296875,509.5511194130969,497.05307240824305,507.2506574723947,26574900,MSFT
2025-11-13,501.205810546875,511.3735209246628,499.2140928412288,508.1967287528611,25273100,MSFT
2025-11-14,508.0672607421875,509.4813936811572,495.3800287197931,496.166765720741,28505700,MSFT
2025-11-17,505.3883972167969,509.9992285471841,502.8190947602184,506.34444359286346,19092800,MSFT
2025-11-18,491.74517822265625,500.89712400975867,484.76419755903834,493.31862192366924,33815100,MSFT
2025-11-19,485.1027526855469,493.13934080841636,480.8305097576304,488.0704229659532,23245300,MSFT
2025-11-20,477.3404846191406,492.4460215630244,474.41716428973194,491.5879641710541,26802500,MSFT
2025-11-21,471.04486083984375,477.8293938228302,467.20362215472323,477.4103368698009,31769200,MSFT
2025-11-24,472.92059326171875,475.8139832068258,466.9542001322548,473.9183160323131,34421000,MSFT
2025-11-25,475.90374755859375,478.0588322743821,463.8313270788984,472.9904142849383,28019800,MSFT
2025-11-26,484.3943786621094,487.1979770584782,480.10418316215106,485.2025316262965,25709100,MSFT
2025-11-28,490.88958740234375,491.5081706450152,485.54177754838196,486.48962635446395,14386700,MSFT
2025-12-01,485.6315612792969,488.7444513856018,483.5463243869077,487.32770213243884,23964000,MSFT
2025-12-02,488.8841552734375,492.3761849539621,485.2125428025972,485.6116258193264,19562700,MSFT
2025-12-03,476.64208984375,483.13724409881166,474.1178525596479,475.23529714339696,34615100,MSFT
2025-12-04,479.7449951171875,480.2239129901724,475.40489514051177,478.6674679630734,22318200,MSFT
2025-12-05,482.0597229003906,482.299166614698,477.78947078944657,481.4211657314621,22608700,MSFT
2025-12-08,489.9018249511719,491.17890888246444,483.2769615726175,483.7858099301447,21965900,MSFT
2025-12-09,490.8995361328125,490.99931449735556,487.3875630167038,487.9862027558801,14696100,MSFT
2025-12-10,477.4701843261719,483.14722906115725,473.99809828560024,482.92772884397027,35756200,MSFT
2025-12-11,482.3690185546875,484.92318635563356,474.7763326037194,475.5445986070271,24669200,MSFT
2025-12-12,477.4402770996094,481.3513637649093,475.2552617920193,478.72734800157895,21248100,MSFT
2025-12-15,473.73870849609375,479.6252664455081,471.44392797474177,479.0066832317436,23727700,MSFT
2025-12-16,475.3051452636719,476.80172935648005,469.8076832860371,470.8353364785088,20705600,MSFT
2025-12-17,475.0357360839844,478.9069051052783,473.9182915104317,475.8239455574328,24527200,MSFT
2025-12-18,482.87786865234375,488.4850656489584,476.8017407441929,477.10104539067044,28573500,MSFT
2025-12-19,484.8134460449219,486.73904362092316,481.39123391446003,486.2501387748106,70836100,MSFT
2025-12-22,483.81573486328125,487.6170561484318,481.5908021440126,485.01298390813173,16963000,MSFT
2025-12-23,485.7413330078125,486.71908182827985,483.63612214595605,483.8755963136496,14683600,MSFT
2025-12-24,486.90863037109375,488.04604888584674,483.7258924615979,484.5739628623746,5855900,MSFT
2025-12-26,486.599365234375,487.00843522519267,484.85335038112265,485.601642461088,8842200,MSFT
2025-12-29,485.9907531738281,487.23790659993216,483.0773893732932,483.7558335295542,10893400,MSFT
2025-12-30,486.3699035644531,488.56487537463653,484.39440153201394,484.82341501264875,13944500,MSFT
2025-12-31,482.5186767578125,487.0284031238816,482.1993981667827,486.7290680267604,15601600,MSFT
2026-01-02,471.8630065917969,483.5563186075122,469.0893385249197,483.2869444224563,25571600,MSFT
2026-01-05,471.773193359375,474.9858617296903,468.4308161640092,472.98042932285466,25250300,MSFT
2026-01-06,477.4203186035156,477.64977534720424,468.68025764779384,472.72102257015473,23037700,MSFT
2026-01-07,482.3690185546875,488.5848422406915,476.86159994291296,478.6674756822987,25564200,MSFT
2026-01-08,477.0212097167969,481.5608665012806,474.7763335277468,480.14408679814625,18162600,MSFT
2026-01-09,478.1885681152344,478.72734693664125,471.1247042989064,472.9804540365218,18491000,MSFT
2026-01-12,476.09332275390625,479.89464390147504,474.59673866594744,475.5845048686955,23519900,MSFT
2026-01-13,469.5981750488281,474.6965236309785,464.888922501957,473.5990225282599,28545800,MSFT
2026-01-14,458.3338928222656,467.13381499707015,456.1289340170423,465.39775666549855,28184300,MSFT
2026-01-15,455.6200866699219,463.1927988881192,454.8618076165624,463.0630900555096,23225800,MSFT
2026-01-16,458.8127746582031,462.13520850615447,455.4404972994736,456.78739866953146,34246700,MSFT
2026-01-20,453.48492431640625,455.7597309230742,448.2568669541529,450.1924514863621,26130000,MSFT
2026-01-21,443.0986328125,451.65911099901973,437.68100562513575,451.56931960591265,37980500,MSFT
2026-01-22,450.1126403808594,451.8087507279656,443.6873036586902,446.600636936346,25349400,MSFT
2026-01-23,464.888916015625,470.0271819611143,449.50401819491054,450.8409629929935,38000200,MSFT
2026-01-26,469.20904541015625,473.1700058760031,460.94790240319116,464.25036221183507,29291200,MSFT
2026-01-27,479.485595703125,481.7703893732875,472.0825097961169,472.62128861771004,29213900,MSFT
2026-01-28,480.533203125,482.63838346935967,476.9114647448887,482.10959164059926,36875400,MSFT
2026-01-29,432.5128173828125,441.49232224197124,420.06122635013605,438.98802836564175,128855300,MSFT
2026-01-30,429.31011962890625,438.5989157576861,425.47886802078926,438.1699022937122,58566800,MSFT
2026-02-02,422.4058837890625,429.7590957240154,421.28843915961005,429.2602343395754,42219900,MSFT
2026-02-03,410.2735595703125,421.0888704228976,407.6296003977664,421.0489834358989,61424100,MSFT
2026-02-04,413.2467956542969,418.84400576689177,408.3080557741746,410.0640575889883,45012400,MSFT
2026-02-05,392.7735290527344,407.37018733348754,391.4265972483441,406.51216038211834,66289200,MSFT
2026-02-06,400.22650146484375,400.87501513504304,392.0252195920243,398.2609865133262,53515300,MSFT
2026-02-09,412.65814208984375,413.94521298339265,399.9571203178888,403.9280678877113,45480500,MSFT
2026-02-10,412.328857421875,422.7151545880433,411.76017861216997,418.66440278178237,44857900,MSFT
2026-02-11,403.4491271972656,415.51159110220135,400.096793508188,415.2322299614449,42491000,MSFT
2026-02-12,400.9248962402344,405.2749831551046,397.1036315998776,404.07770370563327,40802400,MSFT
2026-02-13,400.4060974121094,404.61648859375555,397.1435245648219,403.528974460687,34091600,MSFT
2026-02-17,395.95623779296875,399.60790672873594,393.6315571718042,398.31087932693146,32078800,MSFT
2026-02-18,398.69000244140625,401.6432531481791,395.41747315874426,397.2233488345012,23223400,MSFT
2026-02-19,398.4599914550781,404.42999267578125,396.6700134277344,400.69000244140625,28234000,MSFT
2026-02-20,397.2300109863281,400.1199951171875,395.1600036621094,396.1099853515625,34015200,MSFT
2026-02-23,384.4700012207031,395.3599853515625,383.1000061035156,395.0,43238300,MSFT
2026-02-24,389.0,389.3599853515625,381.7099914550781,384.1400146484375,33884700,MSFT
2026-02-25,400.6000061035156,401.4700012207031,390.1600036621094,390.5299987792969,43625500,MSFT
2026-02-26,401.7200012207031,407.489990234375,398.739990234375,404.7099914550781,34405900,MSFT
2026-02-27,392.739990234375,396.82000732421875,389.8800048828125,390.8800048828125,51367200,MSFT
2026-03-02,398.54998779296875,401.19000244140625,390.6300048828125,392.8599853515625,35474900,MSFT
2026-03-03,403.92999267578125,406.70001220703125,392.6700134277344,393.1400146484375,38199200,MSFT
2026-03-04,405.20001220703125,411.0299987792969,400.30999755859375,401.2699890136719,35808000,MSFT
2026-03-05,410.67999267578125,411.6099853515625,404.3999938964844,404.4200134277344,39001300,MSFT
2026-03-06,408.9599914550781,413.04998779296875,408.510009765625,409.20001220703125,31123900,MSFT
2026-03-09,409.4100036621094,410.2099914550781,403.5,404.9200134277344,30131900,MSFT
2026-03-10,405.760009765625,410.20001220703125,402.92999267578125,410.0299987792969,31706400,MSFT
2026-03-11,404.8800048828125,409.010009765625,401.5899963378906,405.57000732421875,25512100,MSFT
2026-03-12,401.8599853515625,406.1199951171875,401.7099914550781,404.6300048828125,27263900,MSFT
2026-03-13,395.54998779296875,404.79998779296875,394.25,401.0,26848000,MSFT
2026-03-16,399.95001220703125,400.6300048828125,394.7900085449219,398.07000732421875,27733700,MSFT
2026-03-17,399.4100036621094,404.3999938964844,397.75,400.2699890136719,26228300,MSFT
2026-03-18,391.7900085449219,398.0,391.0,397.1300048828125,25908500,MSFT
2026-03-19,389.0199890136719,392.489990234375,387.05999755859375,390.1000061035156,25138800,MSFT
2026-03-20,381.8699951171875,387.0,380.1199951171875,386.7900085449219,50853200,MSFT
2026-03-23,383.0,387.2099914550781,381.67999267578125,383.8999938964844,29680100,MSFT
2026-03-24,372.739990234375,382.4700012207031,371.8500061035156,382.3599853515625,42733600,MSFT
2026-03-25,371.0400085449219,377.05999755859375,369.6300048828125,376.9200134277344,31181200,MSFT
2026-03-26,365.9700012207031,374.7200012207031,365.19000244140625,370.82000732421875,36836600,MSFT
2026-03-27,356.7699890136719,362.45001220703125,356.510009765625,361.8999938964844,37883400,MSFT
2026-03-30,358.9599914550781,365.3599853515625,356.2799987792969,361.8999938964844,44797000,MSFT
2026-03-31,370.1700134277344,372.8999938964844,363.07000732421875,364.54998779296875,45244400,MSFT
2026-04-01,369.3699951171875,373.989990234375,368.20001220703125,373.489990234375,29417200,MSFT
2026-04-02,373.4599914550781,373.6400146484375,364.1499938964844,367.2099914550781,24099100,MSFT
2026-04-06,372.8800048828125,373.7300109863281,369.5,373.489990234375,16146600,MSFT
2026-04-07,372.2900085449219,372.45001220703125,366.55999755859375,370.3399963378906,21443300,MSFT
2026-04-08,374.3299865722656,385.0,371.4100036621094,384.9800109863281,33064800,MSFT
2026-04-09,373.07000732421875,373.5,367.04998779296875,372.5,30435300,MSFT
2026-04-10,370.8699951171875,375.6400146484375,370.0299987792969,372.9800109863281,28111100,MSFT
2026-04-13,384.3699951171875,384.5400085449219,371.0199890136719,373.6099853515625,35745800,MSFT
2026-04-14,393.1099853515625,394.69000244140625,386.5199890136719,387.9200134277344,37504500,MSFT
2026-04-15,411.2200012207031,414.3699951171875,396.7300109863281,398.0,45063400,MSFT
2026-04-16,420.260009765625,420.82000732421875,412.1400146484375,419.8599853515625,41642400,MSFT
2026-04-17,422.7900085449219,431.5799865722656,420.69000244140625,424.82000732421875,48568200,MSFT
2026-04-20,418.07000732421875,423.3299865722656,416.29998779296875,421.1499938964844,27582200,MSFT
2026-04-21,424.1600036621094,427.17999267578125,417.20001220703125,420.239990234375,32048500,MSFT
2026-04-22,432.9200134277344,433.70001220703125,423.6700134277344,426.19000244140625,29378200,MSFT
2026-04-23,415.75,423.6600036621094,411.4100036621094,419.8900146484375,38308000,MSFT
2026-04-24,424.6199951171875,424.95001220703125,415.79998779296875,416.9700012207031,27457400,MSFT
2026-04-27,424.82000732421875,427.1099853515625,417.07000732421875,422.3800048828125,30867300,MSFT
2026-04-28,429.25,429.9200134277344,421.8999938964844,424.57000732421875,30438100,MSFT
2026-04-29,424.4599914550781,426.82000732421875,420.2900085449219,424.5799865722656,38288300,MSFT
2026-04-30,407.7799987792969,414.4200134277344,398.010009765625,410.80999755859375,70909400,MSFT
2026-05-01,414.44000244140625,417.1099853515625,410.44000244140625,412.79998779296875,31372400,MSFT
2026-05-04,413.6199951171875,420.7799987792969,410.79998779296875,411.5400085449219,28066500,MSFT
2026-05-05,411.3800048828125,416.7799987792969,408.79998779296875,415.32000732421875,25700900,MSFT
2026-05-06,413.9599914550781,418.4200134277344,405.1099853515625,408.0,30285900,MSFT
2026-05-07,420.7699890136719,427.9800109863281,418.760009765625,420.1099853515625,34942400,MSFT
2026-05-08,415.1199951171875,418.6300048828125,414.0,417.3900146484375,33383800,MSFT
